metroplex19nDr0nDe2,30,4.157895,0.597181,0.135539,4,1
metroplex23nDr0nDe2,30,11.130326,0.596600,0.158861,4,1
metroplex14nDr0nDe2,30,5.694236,0.549298,0.098466,4,1
metroplex13nDr0nDe1,30,11.055138,0.736085,0.338731,4,2
metroplex10nDr0nDe2,30,4.944836,0.774627,0.122374,4,1
metroplex17nDr0nDe3,30,75.335840,1.972148,0.558566,6,3
metroplex20nDr0nDe1,30,3.310777,1.406097,0.241943,4,1
metroplex19nDr0nDe3,30,4.220551,1.562303,0.290570,4,1
airport13nDr0nDe1,30,1.305764,0.622187,0.097260,4,1
metroplex17nDr0nDe2,30,4.421053,2.158696,0.346557,4,1
airport14nDr0nDe2,30,1.518797,1.094287,0.123521,4,1
airport23nDr0nDe2,30,1.466165,1.185430,0.128370,4,1
metroplex20nDr0nDe2,30,12.531328,2.376309,0.444532,4,1
airport17nDr0nDe3,30,3.822055,0.618894,0.084121,4,1
metroplex1nDr0nDe3,30,10.112782,3.123666,1.180144,4,2
metroplex27nDr0nDe3,30,9.205514,2.743855,0.441972,4,1
airport20nDr0nDe1,30,3.378446,0.888075,0.158446,4,1
metroplex27nDr0nDe1,30,3.954887,3.663441,1.668545,4,2
airport19nDr0nDe3,30,1.646617,0.607880,0.078740,4,1
metroplex13nDr0nDe2,30,55.726817,3.747191,2.205169,7,5
grid14nDr0nDe2,30,2.842105,0.808160,0.160302,4,1
metroplex13nDr0nDe3,30,7.674185,3.454237,1.615816,4,2
metroplex1nDr0nDe1,30,11.250627,4.173435,1.707932,4,2
metroplex22nDr0nDe3,30,14.957393,4.955583,2.896282,5,3
grid13nDr0nDe1,30,5.932331,1.499563,1.472545,4,4
metroplex0nDr0nDe1,30,3.298246,3.551221,2.574101,4,3
metroplex27nDr0nDe2,30,6.117794,5.383844,1.565350,6,2
grid17nDr0nDe3,30,7.912281,1.842244,0.264454,4,1
airport20nDr0nDe2,30,3.568922,0.920788,0.139550,4,1
metroplex17nDr0nDe1,30,2.904762,4.995882,0.520636,4,1
metroplex12nDr0nDe3,30,11.508772,3.610342,0.421205,5,1
metroplex22nDr0nDe1,30,4.476190,5.424211,2.541289,4,2
grid20nDr0nDe1,30,3.375940,1.867557,0.238585,5,1
metroplex14nDr0nDe3,30,9.300752,6.559974,0.952063,4,1
airport17nDr0nDe2,30,1.476190,2.442710,0.282051,4,1
metroplex12nDr0nDe2,30,8.894737,8.010638,0.400810,5,1
airport27nDr0nDe1,30,1.075188,0.953393,0.130804,4,1
metroplex0nDr0nDe2,30,11.822055,7.068386,5.465433,4,3
metroplex18nDr0nDe1,30,5.147870,6.360362,2.510858,4,2
metroplex12nDr0nDe1,30,7.842105,11.533129,0.385744,12,1
airport27nDr0nDe3,30,2.754386,1.928440,0.186883,4,1
airport1nDr0nDe1,30,0.979950,1.094884,0.133066,4,1
metroplex26nDr0nDe1,30,2.488722,14.580417,0.674106,8,1
metroplex22nDr0nDe2,30,4.661654,8.319283,0.539728,5,1
grid19nDr0nDe3,30,7.511278,5.578177,0.386270,5,1
airport0nDr0nDe1,30,1.075188,0.950390,0.130774,4,1
airport13nDr0nDe2,30,3.832080,2.065124,0.154154,4,1
airport19nDr0nDe2,30,2.120301,7.670626,0.711157,4,1
grid17nDr0nDe2,30,6.481203,2.147539,0.283689,4,1
metroplex29nDr0nDe1,30,3.090226,2.909586,1.230412,4,2
airport22nDr0nDe3,30,1.593985,2.977383,0.204336,4,1
airport17nDr0nDe1,30,1.200501,0.608354,0.084479,4,1
metroplex26nDr0nDe2,30,14.857143,11.812201,11.753594,4,4
grid20nDr0nDe2,30,10.180451,5.032076,0.428358,6,1
grid27nDr0nDe1,30,3.769424,4.032894,1.755458,4,2
metroplex11nDr0nDe1,30,145.536341,5.492492,0.947151,5,2
airport22nDr0nDe1,30,1.270677,2.376610,0.210857,4,1
airport10nDr0nDe2,30,1.115288,9.431325,0.785998,4,1
grid13nDr0nDe2,30,6.686717,1.962258,0.341045,4,1
airport18nDr0nDe1,30,1.548872,0.491158,0.079917,4,1
airport1nDr0nDe3,30,2.278195,7.460660,0.512825,4,1
airport29nDr0nDe1,30,1.295739,1.335864,0.137292,4,1
metroplex26nDr0nDe3,30,6.521303,13.299609,6.321606,4,2
airport27nDr0nDe2,30,1.902256,5.547895,0.431240,4,1
metroplex28nDr0nDe3,30,13.598997,6.573693,3.357105,4,2
airport22nDr0nDe2,30,1.581454,0.770707,0.124714,4,1
metroplex29nDr0nDe2,30,4.037594,3.237770,0.490947,4,1
grid22nDr0nDe3,30,4.969925,3.255429,1.525213,4,2
metroplex2nDr0nDe2,30,4.774436,1.447272,0.619638,4,2
grid29nDr0nDe1,30,2.543860,1.728863,0.254011,4,1
grid22nDr0nDe1,30,3.466165,2.765432,1.215425,4,2
grid0nDr0nDe1,30,3.498747,5.823424,0.406630,4,1
metroplex21nDr0nDe1,30,1.887218,16.227270,1.490126,4,1
airport12nDr0nDe2,30,1.471178,5.376359,0.425523,4,1
airport12nDr0nDe3,30,2.157895,8.297683,0.565495,4,1
airport12nDr0nDe1,30,0.884712,5.034666,0.285609,4,1
grid17nDr0nDe1,30,3.042607,10.643461,0.367275,8,1
metroplex28nDr0nDe1,30,5.180451,9.004139,8.960698,4,4
airport29nDr0nDe2,30,1.223058,0.872224,0.087748,4,1
airport30nDr0nDe1,30,0.822055,0.667685,0.106443,4,1
grid18nDr0nDe1,30,4.441103,4.904616,2.311180,4,2
metroplex30nDr0nDe2,30,7.155388,2.183203,0.319519,4,1
airport13nDr0nDe3,30,3.000000,13.398525,1.462866,4,1
airport2nDr0nDe1,30,2.017544,5.635913,0.373495,4,1
airport0nDr0nDe2,30,1.433584,8.094672,0.563524,4,1
airport2nDr0nDe2,30,1.972431,3.322642,0.343386,4,1
airport26nDr0nDe2,30,1.380952,3.776643,0.359429,4,1
airport30nDr0nDe2,30,1.393484,0.652124,0.096319,4,1
metroplex15nDr0nDe3,30,7.957393,22.273767,9.466372,4,2
metroplex15nDr0nDe2,30,6.982456,23.923186,16.178180,4,3
metroplex25nDr0nDe2,30,9.150376,20.301648,14.961705,4,3
airport26nDr0nDe3,30,2.568922,0.551320,0.070021,4,1
metroplex30nDr0nDe3,30,9.791980,5.845514,0.531137,5,1
metroplex31nDr0nDe1,30,8.749373,1.660520,0.733753,4,2
grid29nDr0nDe2,30,5.017544,3.014784,0.417621,4,1
grid22nDr0nDe2,30,14.213033,9.725492,0.550319,5,1
metroplex16nDr0nDe3,30,8.894737,23.223248,9.245968,4,2
grid30nDr0nDe1,30,5.611529,4.203215,1.989642,4,2
metroplex31nDr0nDe3,30,7.385965,0.519694,0.147489,4,1
metroplex19nDr0nDe1,30,4.315789,48.143903,1.051334,14,1
metroplex29nDr0nDe3,30,11.443609,17.079036,0.804320,6,1
airport26nDr0nDe1,30,0.964912,10.768531,0.442841,4,1
airport28nDr0nDe3,30,3.501253,4.230476,0.356655,4,1
grid27nDr0nDe2,30,6.596491,11.834057,0.535293,7,1
metroplex32nDr0nDe1,30,5.576441,0.493425,0.125243,4,1
grid12nDr0nDe2,30,9.578947,4.205045,3.041470,4,3
airport31nDr0nDe3,30,6.736842,2.396686,0.249679,4,1
metroplex18nDr0nDe3,30,12.428571,40.428286,2.484382,5,1
grid12nDr0nDe1,30,3.288221,8.618088,0.675646,5,1
airport32nDr0nDe1,30,0.822055,0.837785,0.144465,4,1
airport30nDr0nDe3,30,1.909774,1.512791,0.154822,4,1
grid2nDr0nDe1,30,2.714286,4.051187,0.221127,5,1
metroplex31nDr0nDe2,30,13.802005,8.908277,0.596535,5,1
airport31nDr0nDe1,30,1.107769,4.198019,0.321158,4,1
grid12nDr0nDe3,30,3.020050,7.094598,3.063692,4,2
metroplex2nDr0nDe3,30,12.230576,10.488485,7.190180,5,3
metroplex1nDr0nDe2,30,21.089041,27.893807,27.840383,8,8
metroplex16nDr0nDe1,30,12.631579,24.362756,16.283846,5,3
grid19nDr0nDe2,30,9.250627,22.668852,0.878699,6,1
grid30nDr0nDe3,30,5.380952,0.616416,0.157462,4,1
grid1nDr0nDe1,30,9.245614,25.365261,0.560258,11,1
airport14nDr0nDe3,30,2.904762,20.370569,2.170268,4,1
grid26nDr0nDe3,30,5.756892,6.464678,0.619110,4,1
airport11nDr0nDe1,30,1.295739,7.888551,0.674637,4,1
grid13nDr0nDe3,30,8.553885,2.203141,0.329172,4,1
metroplex28nDr0nDe2,30,10.578947,32.149245,1.970490,7,1
metroplex32nDr0nDe3,30,9.541353,3.672232,1.866489,4,2
grid31nDr0nDe1,30,3.942356,0.758721,0.153159,4,1
airport29nDr0nDe3,30,1.699248,0.851275,0.128628,4,1
metroplex33nDr0nDe3,30,11.849624,3.745287,2.335249,5,3
airport32nDr0nDe3,30,1.593985,0.505297,0.073606,4,1
metroplex14nDr0nDe1,30,1.631579,37.396355,2.902340,6,1
grid32nDr0nDe1,30,3.556391,6.281764,0.464236,5,1
airport31nDr0nDe2,30,1.393484,4.117782,0.419997,4,1
grid32nDr0nDe3,30,9.546366,1.810176,0.215605,5,1
airport28nDr0nDe1,30,8.949875,10.719896,0.799170,4,1
airport33nDr0nDe3,30,2.796992,1.398881,0.099616,4,1
airport2nDr0nDe3,30,1.107769,0.574084,0.108164,4,1
metroplex18nDr0nDe2,30,16.182957,42.126409,19.941277,5,2
airport21nDr0nDe1,30,0.476190,13.239002,0.849002,4,1
airport19nDr0nDe1,30,1.032581,2.496826,0.220373,4,1
grid31nDr0nDe2,30,9.676692,1.924115,0.808593,4,2
metroplex24nDr0nDe3,30,11.528822,39.909288,21.066067,5,3
airport16nDr0nDe3,30,1.909774,4.506568,0.369167,4,1
grid33nDr0nDe3,30,15.250627,4.701287,1.681635,4,2
metroplex36nDr0nDe1,30,3.022556,6.410829,1.936679,6,2
metroplex23nDr0nDe1,30,7.541353,42.691997,34.584427,5,4
metroplex36nDr0nDe2,30,6.315789,5.960379,1.023605,4,1
airport18nDr0nDe3,30,5.583960,2.048256,0.188060,4,1
grid2nDr0nDe3,30,10.355890,8.047698,0.673813,4,1
grid11nDr0nDe1,30,2.832080,8.075896,0.512413,5,1
metroplex15nDr0nDe1,30,8.754386,44.462188,16.405153,4,2
metroplex33nDr0nDe1,30,1.997494,15.045218,0.966871,5,1
metroplex24nDr0nDe1,30,3.333333,42.485740,3.478992,5,1
airport25nDr0nDe2,30,6.780581,12.718763,5.026370,4,2
metroplex33nDr0nDe2,30,5.285714,20.449472,0.738238,5,1
airport15nDr0nDe3,30,1.761905,13.271375,1.292164,4,1
metroplex36nDr0nDe3,30,7.601504,7.736665,4.772655,5,3
grid30nDr0nDe2,30,2.551378,4.937571,0.450014,6,1
airport15nDr0nDe2,30,1.476190,14.309294,1.438570,4,1
airport1nDr0nDe2,30,1.476190,5.510549,0.405392,4,1
airport36nDr0nDe2,30,1.508772,3.760437,0.343795,4,1
metroplex24nDr0nDe2,30,7.288221,82.215616,15.013331,10,2
grid27nDr0nDe3,30,12.741855,148.834197,0.657592,11,1
grid10nDr0nDe2,30,5.453634,16.817125,11.468046,4,3
metroplex23nDr0nDe3,30,12.139759,54.694142,25.998483,4,2
metroplex21nDr0nDe3,30,16.754386,97.750643,9.052872,7,2
airport36nDr0nDe1,30,3.939850,7.183580,2.324255,4,2
grid19nDr0nDe1,30,5.674185,17.834924,0.865938,6,1
airport36nDr0nDe3,30,2.172932,0.986159,0.132854,4,1
airport28nDr0nDe2,30,1.909774,8.622681,0.766239,4,1
airport16nDr0nDe1,30,0.285714,9.125935,0.826230,4,1
grid31nDr0nDe3,30,7.100251,14.591555,0.786787,6,1
grid36nDr0nDe2,30,7.355890,5.936678,0.702352,4,1
metroplex35nDr0nDe1,30,2.659148,31.513904,2.322376,5,1
grid36nDr0nDe1,30,5.639098,1.881985,0.833735,4,2
metroplex25nDr0nDe3,30,10.769424,70.091253,2.561763,5,1
metroplex35nDr0nDe2,30,7.942356,29.629703,2.978948,5,1
grid1nDr0nDe2,30,8.333333,9.978900,4.025686,4,2
airport33nDr0nDe1,30,1.443609,3.808382,0.369469,4,1
grid33nDr0nDe1,30,3.255639,1.857936,0.216718,5,1
airport33nDr0nDe2,30,1.889724,5.871242,0.486081,4,1
grid26nDr0nDe1,30,3.556391,18.080115,0.381465,7,1
airport18nDr0nDe2,30,1.634085,8.788149,0.703404,4,1
metroplex38nDr0nDe3,30,11.448622,11.310991,4.587771,5,2
airport14nDr0nDe1,30,1.761905,19.555141,2.094706,4,1
grid2nDr0nDe2,30,17.438596,19.333574,0.840772,6,1
airport24nDr0nDe3,30,1.619048,12.082670,1.188640,4,1
airport23nDr0nDe1,30,1.476190,8.331303,0.718121,4,1
airport38nDr0nDe3,30,1.646617,1.920835,0.248037,4,1
grid33nDr0nDe2,30,5.654135,8.635659,3.714579,4,2
grid38nDr0nDe3,30,5.624060,1.446300,0.301214,4,1
metroplex20nDr0nDe3,30,222.035088,233.727430,165.277001,8,6
metroplex38nDr0nDe2,30,12.784461,24.975535,16.634971,4,3
metroplex3nDr0nDe3,30,18.190476,3.465608,1.199065,6,3
metroplex40nDr0nDe1,30,6.736842,3.992798,1.922515,4,2
metroplex40nDr0nDe3,30,7.365915,0.861421,0.426659,4,2
airport15nDr0nDe1,30,0.476190,13.963230,0.887956,4,1
metroplex40nDr0nDe2,30,16.458647,5.390987,2.989347,4,2
airport35nDr0nDe1,30,0.854637,14.068661,0.749572,4,1
airport40nDr0nDe3,30,1.631579,2.770571,0.279876,4,1
airport40nDr0nDe1,30,1.370927,0.950493,0.137871,4,1
metroplex3nDr0nDe2,30,6.674185,15.249824,1.164875,5,1
airport24nDr0nDe1,30,0.571429,15.417630,1.479888,4,1
airport35nDr0nDe2,30,1.142857,16.225949,1.284162,4,1
metroplex0nDr0nDe3,30,13.493734,77.775690,21.313164,6,2
airport24nDr0nDe2,30,1.047619,14.151843,1.286983,4,1
airport23nDr0nDe3,30,0.962406,9.412206,0.574819,4,1
airport39nDr0nDe1,30,2.035088,7.395982,0.512982,4,1
airport40nDr0nDe2,30,1.791980,3.201221,0.365055,4,1
metroplex39nDr0nDe2,30,9.629073,14.236576,2.880542,5,1
airport3nDr0nDe3,30,1.428571,10.622180,1.089178,4,1
airport21nDr0nDe3,30,1.428571,15.243884,1.291369,4,1
airport38nDr0nDe2,30,1.523810,3.696403,0.433649,4,1
grid39nDr0nDe1,30,4.060150,3.614448,0.460229,4,1
grid0nDr0nDe2,30,2.982456,213.816346,1.281538,16,1
airport3nDr0nDe2,30,2.092732,7.272007,0.448637,4,1
grid40nDr0nDe3,30,18.769424,29.612806,0.911117,7,1
airport25nDr0nDe3,30,1.015038,8.068958,0.891275,4,1
grid40nDr0nDe2,30,9.854637,8.777286,0.854375,7,1
grid36nDr0nDe3,30,6.994987,40.485489,0.974209,5,1
grid3nDr0nDe3,30,23.842105,4.365450,0.946074,4,1
metroplex10nDr0nDe3,30,7.711779,235.723030,2.652287,8,1
grid3nDr0nDe2,30,5.147870,4.186813,0.618988,4,1
metroplex34nDr0nDe1,30,14.097744,54.609186,34.910093,5,3
airport38nDr0nDe1,30,1.411028,7.644975,0.591599,4,1
airport42nDr0nDe1,30,0.937343,2.006790,0.261771,4,1
metroplex42nDr0nDe3,30,10.914787,2.247713,1.092502,5,3
airport42nDr0nDe3,30,1.804511,0.679875,0.126498,4,1
metroplex21nDr0nDe2,30,16.508772,100.276408,8.237298,5,1
metroplex42nDr0nDe2,30,5.461153,6.870583,2.083612,5,2
metroplex43nDr0nDe2,30,11.571429,3.387435,1.470345,4,2
grid40nDr0nDe1,30,10.310777,120.249991,0.463914,12,1
grid42nDr0nDe1,30,5.002506,3.546302,0.416430,4,1
metroplex10nDr0nDe1,30,8.330827,184.674905,68.873705,8,3
metroplex43nDr0nDe3,30,6.208020,0.545064,0.131383,4,1
metroplex3nDr0nDe1,30,328.796967,170.233062,101.100829,6,4
grid18nDr0nDe2,30,8.190476,19.961182,0.755112,6,1
airport32nDr0nDe2,30,8.932331,2.242659,0.280067,4,1
airport42nDr0nDe2,30,1.774436,1.673413,0.196843,4,1
grid1nDr0nDe3,30,4.305764,66.939023,0.689953,6,1
airport43nDr0nDe2,30,2.235589,6.319547,0.528741,4,1
airport43nDr0nDe3,30,2.330827,4.809944,0.425870,4,1
grid38nDr0nDe1,30,6.473684,9.968861,1.206178,4,1
airport39nDr0nDe2,30,2.375940,9.529639,0.664562,4,1
grid32nDr0nDe2,30,4.809522,5.496718,0.746064,4,1
grid26nDr0nDe2,30,3.591479,17.273547,0.951878,6,1
grid42nDr0nDe2,30,9.491228,6.332086,4.466642,4,3
grid21nDr0nDe3,30,7.516291,16.912428,4.301668,6,2
metroplex44nDr0nDe1,30,10.170426,3.604421,1.458708,5,2
airport44nDr0nDe1,30,1.443609,0.663248,0.120316,4,1
grid38nDr0nDe2,30,3.380952,48.531686,0.931935,5,1
grid23nDr0nDe2,30,3.972431,44.822598,1.479579,7,1
metroplex16nDr0nDe2,30,22.887218,146.660802,123.647599,6,5
grid43nDr0nDe2,30,11.892231,11.426536,0.839837,5,1
grid39nDr0nDe2,30,7.624060,7.631855,0.830032,4,1
metroplex34nDr0nDe3,30,17.210526,109.245230,67.389052,5,3
metroplex44nDr0nDe2,30,4.155388,9.688475,5.429702,5,3
grid44nDr0nDe1,30,2.245614,4.693365,0.429303,5,1
metroplex35nDr0nDe3,30,14.307086,132.911300,9.405370,5,1
airport44nDr0nDe2,30,1.393484,1.470263,0.174695,4,1
grid14nDr0nDe1,30,1.478697,24.932506,1.563853,5,1
grid43nDr0nDe3,30,12.609023,21.229500,0.737029,8,1
airport39nDr0nDe3,30,1.739348,1.662608,0.162805,4,1
grid23nDr0nDe1,30,3.864662,80.119452,1.141077,9,1
airport0nDr0nDe3,30,1.300752,11.360528,1.014659,4,1
metroplex45nDr0nDe2,30,11.077694,30.129930,1.860680,5,1
metroplex47nDr0nDe2,30,14.403509,3.353118,1.408004,4,2
airport46nDr0nDe2,30,9.526316,13.374591,5.164784,4,2
grid18nDr0nDe3,30,9.007519,611.849150,1.113432,21,1
metroplex47nDr0nDe3,30,11.027569,1.088776,0.218722,4,1
grid44nDr0nDe2,30,11.992481,30.141664,4.435813,10,2
metroplex43nDr0nDe1,30,4.365915,12.481979,6.298886,6,4
metroplex45nDr0nDe3,30,7.674160,35.502202,2.976610,5,1
metroplex34nDr0nDe2,30,20.799498,165.866647,63.947409,5,2
airport47nDr0nDe2,30,0.676692,13.771954,0.952977,4,1
airport34nDr0nDe1,30,0.686717,11.410413,0.699283,4,1
grid42nDr0nDe3,30,5.741855,29.686459,1.473751,8,1
airport47nDr0nDe3,30,2.047619,13.611827,0.987578,4,1
metroplex37nDr0nDe3,30,16.533539,219.063868,142.547331,6,4
metroplex48nDr0nDe2,30,5.553885,16.224765,1.840857,4,1
airport43nDr0nDe1,30,0.874687,2.415417,0.273663,4,1
grid47nDr0nDe3,30,4.172932,0.895787,0.169102,4,1
metroplex44nDr0nDe3,30,22.914787,164.340416,1.043349,13,1
airport45nDr0nDe2,30,0.719298,9.167472,0.846350,4,1
metroplex47nDr0nDe1,30,2.824265,25.270935,9.736647,5,2
airport10nDr0nDe3,30,2.573935,10.512322,0.533913,4,1
metroplex11nDr0nDe2,30,11.380952,15.612072,5.746668,6,4
metroplex48nDr0nDe3,30,6.756892,20.152767,5.761653,5,2
grid10nDr0nDe3,30,3.922306,1.101229,0.201157,4,1
metroplex11nDr0nDe3,30,13.476190,16.958777,7.951222,6,4
grid43nDr0nDe1,30,3.746867,16.857623,0.975886,5,1
airport20nDr0nDe3,30,2.285714,13.318435,1.473187,4,1
metroplex49nDr0nDe1,30,9.160401,18.785001,8.188720,4,2
airport45nDr0nDe3,30,0.962406,10.428096,0.909505,4,1
grid24nDr0nDe1,30,0.621554,22.732095,1.693489,4,1
grid39nDr0nDe3,30,8.243108,18.421566,0.929233,6,1
metroplex48nDr0nDe1,30,9.684211,42.681473,42.626707,4,4
airport48nDr0nDe2,30,2.596491,13.955879,0.881745,4,1
airport21nDr0nDe2,30,1.238095,14.447610,1.300330,4,1
airport35nDr0nDe3,30,2.067669,2.187182,0.250913,4,1
airport48nDr0nDe3,30,1.699248,1.173396,0.144950,4,1
grid20nDr0nDe3,30,14.721805,6.259394,0.505708,6,1
airport10nDr0nDe1,30,1.295739,10.863750,0.846885,4,1
metroplex46nDr0nDe1,30,8.969925,28.470025,16.143724,6,4
airport41nDr0nDe1,30,0.619048,5.197616,0.651682,4,1
airport34nDr0nDe3,30,1.258145,10.247100,1.134511,4,1
grid28nDr0nDe1,30,6.100251,680.435934,1.291655,21,1
metroplex50nDr0nDe1,30,2.729323,1.175372,0.149646,4,1
airport47nDr0nDe1,30,0.937343,5.103078,0.468591,4,1
airport49nDr0nDe1,30,1.333333,13.115976,1.519444,4,1
metroplex50nDr0nDe2,30,9.278195,0.887186,0.151709,4,1
metroplex45nDr0nDe1,30,3.809524,55.595658,9.707597,7,2
airport50nDr0nDe2,30,1.328321,1.015609,0.148601,4,1
metroplex49nDr0nDe2,30,5.122807,36.197172,22.388812,5,3
grid50nDr0nDe2,30,4.441103,0.664455,0.182825,4,1
airport16nDr0nDe2,30,1.972431,5.918100,0.505245,4,1
airport50nDr0nDe1,30,1.781955,14.456090,1.183749,4,1
airport44nDr0nDe3,30,2.067669,4.012939,0.391297,4,1
metroplex51nDr0nDe1,30,4.619048,5.373382,1.824207,4,2
grid47nDr0nDe1,30,3.877193,11.199833,0.717663,5,1
metroplex37nDr0nDe1,30,10.135338,216.187827,142.835887,6,4
metroplex4nDr0nDe1,30,4.065163,41.159341,3.628209,5,1
airport51nDr0nDe1,30,1.147870,0.658122,0.076035,4,1
metroplex51nDr0nDe2,30,12.586466,5.748710,5.713249,4,4
grid51nDr0nDe1,30,5.764411,0.838205,0.176386,4,1
airport48nDr0nDe1,30,1.952381,8.781208,0.497378,4,1
metroplex51nDr0nDe3,30,15.448622,4.217702,1.959630,4,2
airport51nDr0nDe3,30,3.912281,0.802755,0.131974,4,1
airport51nDr0nDe2,30,8.067669,2.693279,1.255778,4,2
airport3nDr0nDe1,30,1.508772,1.327852,0.166807,4,1
grid3nDr0nDe1,30,4.593985,0.689802,0.098854,4,1
grid51nDr0nDe3,30,11.593985,7.295679,5.115108,4,3
airport52nDr0nDe1,30,0.726817,1.282167,0.147302,4,1
grid45nDr0nDe2,30,2.674185,37.694147,2.578944,5,1
metroplex52nDr0nDe3,30,13.889724,9.239483,6.428368,5,3
airport49nDr0nDe2,30,1.904762,7.696394,0.675941,4,1
grid52nDr0nDe1,30,2.443609,8.732030,0.711258,4,1
grid44nDr0nDe3,30,4.558897,12.395606,0.489107,5,1
grid28nDr0nDe3,30,11.235589,709.602131,2.546081,21,1
grid48nDr0nDe1,30,6.511278,19.693448,7.603125,4,2
grid28nDr0nDe2,30,4.588972,566.448379,1.458163,18,1
grid16nDr0nDe3,30,2.824561,62.482839,2.185651,8,1
airport4nDr0nDe1,30,0.190476,12.971915,1.216586,4,1
grid51nDr0nDe2,30,16.789474,132.799828,0.936471,6,1
airport52nDr0nDe3,30,2.646617,6.847652,0.610146,4,1
metroplex53nDr0nDe3,30,6.330827,0.655901,0.160121,4,1
airport41nDr0nDe2,30,0.476190,4.648091,0.581819,4,1
airport34nDr0nDe2,30,1.591479,8.399036,0.653092,4,1
airport37nDr0nDe3,30,1.699248,4.403630,0.403121,4,1
grid21nDr0nDe1,30,7.233083,692.605236,3.225443,21,1
metroplex52nDr0nDe2,30,13.829574,109.744449,8.326324,6,1
airport46nDr0nDe1,30,1.022556,3.679930,0.306146,4,1
grid21nDr0nDe2,30,9.436090,127.058694,1.709061,12,1
grid48nDr0nDe2,30,9.789474,27.772166,6.716119,6,2
airport25nDr0nDe1,30,17.419679,9.832686,4.300289,4,2
grid10nDr0nDe1,30,2.358396,167.575960,0.919694,7,1
grid16nDr0nDe1,30,2.145363,39.428587,1.054859,6,1
airport53nDr0nDe3,30,2.571429,12.903525,0.993912,4,1
grid35nDr0nDe1,30,1.127820,449.066812,2.079793,18,1
grid46nDr0nDe1,30,7.132832,6.493255,2.852806,4,2
grid15nDr0nDe3,30,4.385965,326.633977,1.945504,12,1
grid46nDr0nDe2,30,6.934837,589.128838,0.661689,21,1
grid53nDr0nDe3,30,3.092732,1.020253,0.194477,4,1
airport52nDr0nDe2,30,1.365915,0.802203,0.143730,4,1
airport45nDr0nDe1,30,0.200501,10.691852,0.880882,4,1
metroplex37nDr0nDe2,30,8.859649,661.340167,547.803285,21,16
metroplex4nDr0nDe3,30,12.561404,203.845952,20.764058,9,2
grid34nDr0nDe1,30,12.190476,84.081535,3.623712,9,1
metroplex50nDr0nDe3,30,8.005013,272.109305,13.757671,12,2
grid4nDr0nDe1,30,5.583960,9.315463,3.661170,4,2
grid0nDr0nDe3,30,6.408521,562.368946,2.232497,21,1
grid52nDr0nDe3,30,3.453634,95.760115,0.986586,8,1
metroplex55nDr0nDe1,30,1.997494,30.879526,14.880981,4,2
grid47nDr0nDe2,30,6.145363,90.478893,2.402683,8,1
grid23nDr0nDe3,30,5.022556,120.428346,1.847562,9,1
metroplex54nDr0nDe1,30,2.192982,37.435535,21.667862,5,3
grid35nDr0nDe2,30,4.092732,567.138004,2.127581,21,1
grid52nDr0nDe2,30,3.015038,14.798991,0.932913,5,1
airport11nDr0nDe2,30,1.032581,8.457013,0.738080,4,1
metroplex56nDr0nDe1,30,4.471178,4.116121,0.625376,4,1
grid29nDr0nDe3,30,4.125313,121.574091,2.033997,10,1
metroplex56nDr0nDe2,30,9.784461,13.391561,5.572074,4,2
airport56nDr0nDe1,30,1.716792,2.748530,0.192082,4,1
metroplex49nDr0nDe3,30,15.884712,121.790510,13.834874,5,1
airport55nDr0nDe1,30,1.754386,7.255473,0.622902,4,1
grid56nDr0nDe1,30,15.260652,2.583234,1.082392,4,2
airport11nDr0nDe3,30,1.699248,2.211465,0.248200,4,1
airport56nDr0nDe2,30,1.433584,2.386904,0.231118,4,1
metroplex57nDr0nDe1,30,11.586466,14.048305,1.614700,4,1
grid11nDr0nDe3,30,5.964912,2.198209,0.804257,4,2
metroplex41nDr0nDe3,30,10.155388,734.700773,1.761165,21,1
metroplex58nDr0nDe1,30,5.180451,5.191856,1.918129,4,2
metroplex55nDr0nDe3,30,9.526316,100.383052,18.938251,6,2
metroplex54nDr0nDe2,30,5.415744,47.762360,5.533599,5,1
airport54nDr0nDe1,30,0.952381,10.909836,1.037691,4,1
airport58nDr0nDe1,30,0.726817,0.814994,0.108613,4,1
metroplex58nDr0nDe3,30,6.644110,8.621428,4.127169,5,3
grid34nDr0nDe2,30,3.047619,25.890184,1.734685,5,1
airport50nDr0nDe3,30,1.804511,1.126324,0.161401,4,1
airport4nDr0nDe3,30,0.914787,12.942163,0.996071,4,1
grid58nDr0nDe1,30,3.110276,9.967639,0.550189,5,1
airport57nDr0nDe1,30,2.383459,7.672856,0.842380,4,1
airport58nDr0nDe3,30,1.614035,1.790571,0.228132,4,1
metroplex59nDr0nDe1,30,3.809524,10.389510,0.953061,4,1
metroplex57nDr0nDe2,30,12.969925,31.505517,3.655071,5,1
metroplex59nDr0nDe2,30,4.230576,1.019559,0.186886,4,1
metroplex59nDr0nDe3,30,12.305764,3.019934,1.457767,4,2
airport59nDr0nDe3,30,1.751880,2.013381,0.218314,4,1
grid58nDr0nDe3,30,10.714286,9.112078,0.762467,5,1
airport59nDr0nDe2,30,1.676692,7.856265,0.605514,4,1
grid25nDr0nDe3,30,4.278195,320.886977,3.726483,18,1
airport59nDr0nDe1,30,1.491228,4.297410,0.282688,4,1
grid14nDr0nDe3,30,4.428571,442.837490,3.868691,16,1
metroplex55nDr0nDe2,30,4.421053,45.936266,22.843553,6,3
metroplex56nDr0nDe3,30,9.441103,33.105957,4.997189,7,2
metroplex57nDr0nDe3,30,11.330827,26.670571,13.094273,6,3
grid59nDr0nDe2,30,11.571429,1.445840,0.233458,4,1
airport37nDr0nDe1,30,5.260410,12.372634,5.801063,4,2
grid37nDr0nDe3,30,1.619048,45.825682,2.838143,8,1
grid59nDr0nDe1,30,3.556391,8.508709,0.869196,4,1
airport55nDr0nDe3,30,1.285714,10.170566,1.271863,4,1
metroplex5nDr0nDe1,30,20.348371,14.622198,10.657303,7,6
grid49nDr0nDe1,30,0.817043,556.895324,2.547233,21,1
metroplex60nDr0nDe2,30,10.170426,0.733983,0.173961,4,1
airport57nDr0nDe2,30,2.669173,8.780392,0.893242,4,1
grid59nDr0nDe3,30,12.205514,82.277617,0.493075,18,1
airport60nDr0nDe2,30,1.949875,8.487930,0.805369,4,1
metroplex46nDr0nDe3,30,24.235589,516.196387,30.691685,15,1
grid37nDr0nDe1,30,1.446115,20.907574,2.733102,4,1
airport57nDr0nDe3,30,6.614035,2.992556,0.351350,4,1
airport54nDr0nDe2,30,0.761905,9.439930,0.855883,4,1
metroplex61nDr0nDe1,30,7.892231,1.648514,0.301982,4,1
grid57nDr0nDe3,30,12.744361,2.095400,0.971334,4,2
metroplex61nDr0nDe3,30,12.629073,0.914972,0.208629,4,1
airport61nDr0nDe1,30,1.190476,2.293691,0.293903,4,1
metroplex61nDr0nDe2,30,11.924812,2.123969,0.818578,4,2
airport61nDr0nDe3,30,1.107769,0.600576,0.105810,4,1
grid61nDr0nDe3,30,6.406015,0.858231,0.135085,4,1
metroplex53nDr0nDe1,30,7.411028,129.032994,103.559328,7,5
airport61nDr0nDe2,30,0.927318,1.916887,0.227294,4,1
grid61nDr0nDe1,30,5.090226,6.286528,0.318415,8,1
grid56nDr0nDe2,30,12.052632,210.312609,1.218911,9,1
grid61nDr0nDe2,30,3.310777,6.482850,0.331277,8,1
metroplex4nDr0nDe2,30,21.874687,463.475451,15.812595,13,1
airport5nDr0nDe1,30,1.203008,1.701496,0.312817,4,1
grid57nDr0nDe1,30,3.854637,200.581488,0.607891,12,1
airport56nDr0nDe3,30,2.681704,0.949201,0.160715,4,1
metroplex5nDr0nDe2,30,7.994987,13.893275,13.827967,6,6
grid57nDr0nDe2,30,9.944862,12.831464,5.265188,4,2
metroplex62nDr0nDe3,30,7.200501,20.999417,1.441634,5,1
metroplex60nDr0nDe3,30,20.944862,41.107341,18.249208,4,1
airport49nDr0nDe3,30,2.380952,10.513915,1.145360,4,1
grid56nDr0nDe3,30,7.401003,5.546530,3.874077,4,3
metroplex63nDr0nDe2,30,6.320802,16.337452,10.645529,5,3
grid16nDr0nDe2,30,4.709273,420.266662,420.165694,20,20
grid55nDr0nDe1,30,1.343358,127.083424,2.349396,6,1
grid11nDr0nDe2,30,8.899749,371.853157,1.019627,16,1
metroplex64nDr0nDe2,30,5.488722,12.861799,7.272536,5,3
metroplex64nDr0nDe3,30,10.230576,7.322135,1.146007,4,1
grid50nDr0nDe3,30,15.355890,651.197682,1.537736,21,1
metroplex62nDr0nDe2,30,4.952381,58.382011,0.927722,10,1
airport55nDr0nDe2,30,11.413534,9.760731,1.064756,4,1
grid24nDr0nDe2,30,0.924812,801.128318,2.733121,21,1
airport64nDr0nDe3,30,1.979950,2.390078,0.255072,4,1
airport63nDr0nDe2,30,1.781955,4.163496,0.325888,4,1
metroplex62nDr0nDe1,30,5.581454,46.789526,0.981756,5,1
airport62nDr0nDe3,30,2.932331,9.457973,0.890021,4,1
airport64nDr0nDe2,30,1.498747,6.251102,0.521289,4,1
metroplex58nDr0nDe2,30,240.816747,354.742942,284.746382,11,9
airport5nDr0nDe2,30,1.854637,3.937610,0.358606,4,1
grid15nDr0nDe2,30,5.463659,586.638002,3.292271,19,1
grid63nDr0nDe2,30,5.115288,18.332488,0.889816,6,1
grid60nDr0nDe2,30,4.929825,38.572313,0.809928,5,1
grid5nDr0nDe2,30,4.283208,5.032172,2.227581,4,2
airport60nDr0nDe3,30,0.781955,13.215095,1.160825,4,1
airport62nDr0nDe2,30,1.528822,1.009608,0.090878,4,1
grid62nDr0nDe3,30,4.383459,10.502325,0.623354,5,1
grid25nDr0nDe1,30,3.566416,538.532180,3.494257,19,1
metroplex66nDr0nDe2,30,16.877193,7.248899,4.041923,6,4
grid60nDr0nDe3,30,3.248120,0.889396,0.178524,4,1
grid25nDr0nDe2,30,3.182957,385.633778,1.529623,15,1
grid24nDr0nDe3,30,5.172932,679.662451,4.416615,21,1
metroplex65nDr0nDe3,30,12.175439,30.582496,15.058188,6,3
metroplex68nDr0nDe1,30,3.025063,0.683475,0.101976,4,1
airport37nDr0nDe2,30,1.238095,12.015233,0.953997,4,1
metroplex68nDr0nDe2,30,9.195489,0.969114,0.216650,4,1
airport68nDr0nDe1,30,3.546366,1.357805,0.194918,4,1
airport68nDr0nDe2,30,1.275689,0.654538,0.131794,4,1
metroplex66nDr0nDe1,30,6.904736,12.327089,10.663822,7,6
airport66nDr0nDe2,30,2.082707,1.822672,0.246519,4,1
grid15nDr0nDe1,30,4.360902,385.564261,385.447816,15,15
grid68nDr0nDe1,30,4.927318,0.975363,0.171176,4,1
metroplex65nDr0nDe1,30,5.110276,43.705157,2.341758,5,1
airport41nDr0nDe3,30,1.962406,3.519316,0.277854,4,1
metroplex68nDr0nDe3,30,7.929825,4.288381,4.249763,4,4
metroplex69nDr0nDe1,30,4.120301,2.146302,1.541590,4,3
airport68nDr0nDe3,30,1.751880,0.549299,0.100445,4,1
airport62nDr0nDe1,30,0.726817,2.322007,0.255458,4,1
airport69nDr0nDe1,30,3.203008,1.245812,0.145536,4,1
grid68nDr0nDe3,30,12.225564,0.850149,0.131499,4,1
grid5nDr0nDe1,30,3.035088,15.611705,0.616841,6,1
grid69nDr0nDe1,30,3.022556,1.913320,0.275503,4,1
grid41nDr0nDe1,30,2.969925,757.098192,1.192326,21,1
grid62nDr0nDe1,30,12.280702,3.840457,1.665081,4,2
grid68nDr0nDe2,30,9.624060,39.992530,0.660680,12,1
airport66nDr0nDe1,30,1.654135,1.540608,0.208966,4,1
metroplex69nDr0nDe2,30,16.160401,9.694060,5.985440,6,4
metroplex67nDr0nDe3,30,8.566416,19.545197,13.657496,4,3
grid66nDr0nDe1,30,3.077694,2.997493,0.411586,4,1
airport69nDr0nDe2,30,1.604010,1.240240,0.179380,4,1
grid35nDr0nDe3,30,5.338346,735.738652,4.258383,21,1
metroplex70nDr0nDe1,30,2.972431,7.295909,2.538674,4,2
metroplex6nDr0nDe1,30,3.102757,17.261103,7.456308,7,3
metroplex70nDr0nDe3,30,10.674185,5.917275,2.515456,4,2
metroplex54nDr0nDe3,30,13.781955,660.943903,325.556232,20,11
metroplex6nDr0nDe2,30,3.887218,21.760784,6.745163,8,3
metroplex53nDr0nDe2,240,20.285714,767.809385,744.907818,13,12
grid69nDr0nDe2,30,4.210526,9.470402,0.417918,7,1
metroplex6nDr0nDe3,30,5.649123,14.370407,4.140940,5,2
airport65nDr0nDe3,30,2.428571,18.570131,1.418778,4,1
metroplex69nDr0nDe3,30,7.270677,23.977407,10.305021,4,2
grid62nDr0nDe2,30,3.992481,11.723109,0.902543,5,1
metroplex63nDr0nDe1,30,9.466165,23.988553,13.340203,6,4
airport67nDr0nDe3,30,1.904762,9.043211,1.216148,4,1
metroplex70nDr0nDe2,30,12.177945,17.995084,6.012736,4,2
airport6nDr0nDe2,30,2.100251,4.935171,0.389121,4,1
airport70nDr0nDe1,30,0.779449,14.730375,0.451391,4,1
metroplex72nDr0nDe1,30,3.471178,3.407625,0.393972,4,1
grid48nDr0nDe3,30,13.503759,699.165834,2.526806,21,1
grid45nDr0nDe3,30,6.834586,570.689671,561.349783,21,19
airport70nDr0nDe3,30,1.428571,14.983928,0.928178,4,1
metroplex66nDr0nDe3,30,18.268145,238.592922,4.486285,17,1
airport72nDr0nDe1,30,0.832080,1.913425,0.144427,4,1
airport65nDr0nDe1,30,0.952381,14.608984,1.625118,4,1
airport6nDr0nDe1,30,0.982456,15.896595,1.303216,4,1
grid45nDr0nDe1,30,1.112782,341.277882,1.307678,14,1
grid72nDr0nDe1,30,6.837093,1.785453,0.649854,5,2
grid64nDr0nDe2,30,5.536341,488.150112,0.598530,21,1
airport69nDr0nDe3,30,0.962406,9.962741,0.807967,4,1
airport6nDr0nDe3,30,1.629073,17.584980,1.391433,4,1
airport53nDr0nDe1,30,0.333333,12.119345,0.819298,4,1
airport70nDr0nDe2,30,1.824561,7.715545,0.452467,4,1
metroplex72nDr0nDe2,30,10.012531,7.723877,1.009980,4,1
metroplex67nDr0nDe2,30,8.215539,70.711501,2.613728,7,1
grid66nDr0nDe2,30,8.493734,14.916839,0.625448,6,1
metroplex71nDr0nDe1,30,3.318296,31.797456,14.793001,4,2
grid65nDr0nDe3,30,5.050125,24.155035,11.548484,4,2
grid65nDr0nDe1,30,13.979950,8.952500,8.916068,4,4
airport72nDr0nDe2,30,1.223058,3.684452,0.317760,4,1
metroplex5nDr0nDe3,30,10.097744,218.978849,46.098037,8,3
grid54nDr0nDe1,30,7.686717,222.768242,216.383941,13,12
metroplex72nDr0nDe3,30,11.238095,4.909443,1.787042,4,2
grid6nDr0nDe1,30,2.175439,12.069497,0.692382,5,1
airport66nDr0nDe3,30,2.558897,1.364950,0.172756,4,1
metroplex60nDr0nDe1,30,5.162907,339.493469,1.208298,11,1
metroplex64nDr0nDe1,30,320.355890,206.115462,135.191226,7,5
metroplex65nDr0nDe2,30,13.972135,161.581694,13.791309,6,1
airport72nDr0nDe3,30,1.619048,10.112036,0.788651,4,1
grid66nDr0nDe3,30,10.513784,5.493421,2.873469,4,2
airport71nDr0nDe1,30,0.385965,9.450786,0.943966,4,1
grid6nDr0nDe2,30,2.879699,34.702180,0.946135,7,1
airport46nDr0nDe3,30,1.010025,13.683144,1.329518,4,1
metroplex75nDr0nDe1,30,3.205514,2.355454,1.314820,6,3
metroplex73nDr0nDe1,30,3.984962,20.626822,8.335666,4,2
grid64nDr0nDe3,30,6.258145,655.918213,2.023256,21,1
metroplex74nDr0nDe1,30,3.536341,15.980321,7.745983,4,2
airport75nDr0nDe1,30,2.017544,7.186731,0.573003,4,1
airport67nDr0nDe2,30,1.639098,11.639077,0.949846,4,1
airport63nDr0nDe1,30,1.175439,1.880290,0.232157,4,1
metroplex74nDr0nDe2,30,9.010025,23.536375,16.998699,4,3
grid75nDr0nDe1,30,2.859649,4.664940,0.551673,4,1
grid70nDr0nDe1,30,7.621554,14.477488,10.054930,4,3
grid63nDr0nDe1,30,8.165414,2.062592,0.308638,4,1
airport4nDr0nDe2,30,0.666667,10.794722,1.256241,4,1
grid49nDr0nDe2,30,2.619047,353.394309,14.324107,12,1
metroplex77nDr0nDe1,30,3.796992,1.059597,0.238128,4,1
metroplex77nDr0nDe2,30,6.689223,0.641015,0.156959,4,1
metroplex76nDr0nDe3,30,5.962406,2.374281,0.909707,4,2
metroplex74nDr0nDe3,30,3.180451,30.848943,13.222842,5,2
airport77nDr0nDe1,30,0.822055,1.030651,0.136241,4,1
airport77nDr0nDe2,30,1.561404,2.194473,0.268476,4,1
metroplex76nDr0nDe1,30,3.112782,9.052592,6.009572,5,3
grid54nDr0nDe2,30,7.869674,607.046292,1.751110,21,1
metroplex76nDr0nDe2,30,13.709273,6.010301,2.652333,4,2
airport73nDr0nDe1,30,0.385965,12.750940,1.233339,4,1
grid77nDr0nDe1,30,2.676692,1.254947,0.222979,4,1
grid53nDr0nDe1,30,3.786967,121.836115,11.447145,16,2
airport76nDr0nDe3,30,1.488722,1.569816,0.148493,4,1
airport74nDr0nDe1,30,0.476190,11.417651,1.125418,4,1
grid76nDr0nDe3,30,11.513784,1.427138,0.694389,4,2
airport76nDr0nDe2,30,1.518797,1.435883,0.171272,4,1
airport76nDr0nDe1,30,1.233083,1.299079,0.108919,4,1
grid76nDr0nDe2,30,8.849624,0.969621,0.146295,4,1
metroplex77nDr0nDe3,30,15.436090,8.240924,3.539490,4,2
grid34nDr0nDe3,30,10.842105,144.513171,3.271115,9,1
grid76nDr0nDe1,30,2.869674,10.176675,0.605746,5,1
airport74nDr0nDe2,30,1.390977,9.979986,1.135513,4,1
airport64nDr0nDe1,30,2.939850,7.136282,0.573944,4,1
airport77nDr0nDe3,30,1.962406,3.852234,0.228981,4,1
grid70nDr0nDe3,30,6.438596,294.269600,290.336725,17,16
metroplex78nDr0nDe3,30,8.506266,0.727429,0.366950,7,4
metroplex75nDr0nDe2,30,13.147870,161.508508,4.308739,7,2
grid77nDr0nDe3,30,9.167920,0.911827,0.184640,4,1
airport58nDr0nDe2,30,1.012531,0.912967,0.146702,4,1
airport74nDr0nDe3,30,2.095238,12.172468,1.213505,4,1
grid6nDr0nDe3,30,6.355890,35.788085,1.471760,7,1
airport78nDr0nDe3,30,1.105263,13.478278,0.906281,4,1
airport75nDr0nDe3,30,2.100251,1.423601,0.245248,4,1
grid72nDr0nDe3,30,2.756892,145.188731,0.799058,7,1
airport54nDr0nDe3,30,1.238095,8.569647,0.927221,4,1
airport65nDr0nDe2,30,1.571429,0.714537,0.086296,4,1
metroplex78nDr0nDe1,30,4.882206,54.786371,40.383043,8,6
metroplex7nDr0nDe1,30,8.050125,0.652039,0.143773,4,1
airport7nDr0nDe1,30,0.726817,0.784063,0.120775,4,1
grid73nDr0nDe1,30,1.661654,21.508670,2.277841,4,1
grid7nDr0nDe1,30,8.157895,3.133626,0.390360,4,1
airport75nDr0nDe2,30,1.433584,1.754732,0.232969,4,1
metroplex7nDr0nDe2,30,6.571429,0.680070,0.155293,4,1
airport7nDr0nDe2,30,1.203008,1.052152,0.132746,4,1
airport5nDr0nDe3,30,2.067669,7.195289,0.633299,4,1
grid49nDr0nDe3,30,2.516291,209.917712,195.425817,11,9
grid7nDr0nDe2,30,10.644110,2.661257,1.179610,4,2
airport53nDr0nDe2,30,1.142857,9.308290,1.320421,4,1
grid70nDr0nDe2,30,2.834586,622.653211,1.642368,20,1
metroplex81nDr0nDe1,30,5.696742,1.641754,0.237995,4,1
grid37nDr0nDe2,30,1.571429,700.038471,2.216767,21,1
grid55nDr0nDe3,30,1.942356,793.262136,3.003060,21,1
grid53nDr0nDe2,30,5.365915,2.819888,0.432077,4,1
metroplex73nDr0nDe2,30,8.919799,232.912628,23.092644,8,2
grid41nDr0nDe2,30,11.769424,371.554248,2.911315,12,1
metroplex71nDr0nDe2,30,17.328024,136.722015,80.372799,5,3
metroplex81nDr0nDe2,30,8.877193,1.842815,0.876334,4,2
grid50nDr0nDe1,30,9.694236,287.793476,3.190184,13,1
grid58nDr0nDe2,30,7.340852,18.918397,1.038218,6,1
metroplex81nDr0nDe3,30,10.075188,1.715721,0.787122,4,2
airport81nDr0nDe1,30,0.095238,8.978856,1.008077,4,1
metroplex79nDr0nDe1,30,2.874687,42.154540,18.742823,6,2
airport81nDr0nDe3,30,1.265664,0.736826,0.138842,4,1
airport60nDr0nDe1,30,1.518797,8.160090,0.707086,4,1
grid72nDr0nDe2,30,8.463659,497.440975,4.258563,21,2
grid81nDr0nDe3,30,13.135338,0.950014,0.193020,4,1
airport78nDr0nDe1,30,0.333333,11.111972,1.053780,4,1
airport81nDr0nDe2,30,0.972431,8.366467,0.760814,4,1
metroplex80nDr0nDe1,30,4.077694,37.177247,2.639513,5,1
grid75nDr0nDe2,30,8.551378,135.071052,4.483831,6,2
metroplex80nDr0nDe2,30,6.263158,31.176974,11.753632,5,2
grid81nDr0nDe2,30,12.994987,2.435110,1.086829,4,2
metroplex82nDr0nDe1,30,11.002506,23.711018,13.559825,5,3
grid81nDr0nDe1,30,6.686717,16.640263,1.880116,4,1
grid77nDr0nDe2,30,5.791980,480.884287,0.642224,16,1
grid60nDr0nDe1,30,7.313283,25.271192,10.330011,4,2
grid46nDr0nDe3,30,9.175439,652.119719,2.092669,21,1
airport80nDr0nDe1,30,0.385965,9.131989,0.799408,4,1
airport80nDr0nDe2,30,1.761905,9.916081,1.266087,4,1
airport82nDr0nDe1,30,0.333333,9.454923,0.834278,4,1
metroplex80nDr0nDe3,30,19.122781,76.715785,63.939927,6,5
metroplex82nDr0nDe3,30,14.353383,37.610772,22.800810,4,2
metroplex82nDr0nDe2,30,16.453634,51.126274,26.521199,6,3
metroplex85nDr0nDe3,30,10.147574,1.058089,0.171868,4,1
grid55nDr0nDe2,30,1.656642,747.256659,2.447966,21,1
airport79nDr0nDe1,30,0.516291,15.601790,1.094576,4,1
metroplex79nDr0nDe2,30,11.471178,45.923537,30.290707,5,3
grid74nDr0nDe3,30,6.701754,27.861136,1.206296,6,1
metroplex86nDr0nDe1,30,5.952381,6.357959,2.703230,4,2
airport85nDr0nDe3,30,3.380952,16.563896,2.951678,4,1
metroplex71nDr0nDe3,30,12.368421,343.164128,24.531873,10,1
airport82nDr0nDe3,30,1.909774,2.372046,0.294636,4,1
metroplex85nDr0nDe1,30,2.641604,31.320685,21.637548,4,3
metroplex86nDr0nDe3,30,15.140351,0.743209,0.200424,4,1
metroplex63nDr0nDe3,360,18.446115,791.854200,781.336128,9,7
airport86nDr0nDe1,30,0.927318,5.189178,0.482563,4,1
grid4nDr0nDe3,30,3.671679,318.543293,0.982047,14,1
grid85nDr0nDe3,30,12.796992,1.807869,0.211848,6,1
airport82nDr0nDe2,30,1.749373,7.279246,0.634904,4,1
metroplex84nDr0nDe1,30,4.892231,46.754447,2.236241,5,1
metroplex85nDr0nDe2,30,7.466165,27.793230,18.768002,4,3
metroplex87nDr0nDe1,30,8.641604,3.094708,0.617646,4,1
airport86nDr0nDe3,30,1.593985,5.992749,0.530303,4,1
metroplex86nDr0nDe2,30,9.283182,40.318277,1.434258,8,1
grid79nDr0nDe1,30,3.238095,13.364204,13.283155,4,4
metroplex73nDr0nDe3,30,11.215539,437.434309,67.739065,12,2
airport73nDr0nDe2,30,2.047619,13.026383,0.780988,4,1
metroplex7nDr0nDe3,30,8.390977,29.325309,2.442361,5,1
metroplex84nDr0nDe2,30,6.416040,51.505282,1.466316,5,1
airport80nDr0nDe3,30,2.238095,10.195578,1.287717,4,1
airport87nDr0nDe1,30,1.203008,9.416484,0.578686,4,1
metroplex83nDr0nDe1,30,4.832080,489.503556,2.304399,21,1
metroplex87nDr0nDe2,30,10.789474,17.150708,9.856762,5,3
airport67nDr0nDe1,30,1.809524,12.907383,1.311256,4,1
metroplex87nDr0nDe3,30,13.190476,21.964539,11.962643,5,3
grid74nDr0nDe1,30,3.506266,515.502303,9.659826,21,2
airport86nDr0nDe2,30,1.413534,4.366285,0.413566,4,1
airport85nDr0nDe1,30,1.857143,10.905404,4.726433,4,2
metroplex78nDr0nDe2,30,8.694236,181.806658,7.024164,7,1
grid86nDr0nDe2,30,2.754386,3.411557,0.302692,5,1
airport71nDr0nDe2,30,1.160401,5.639596,0.374886,4,1
airport85nDr0nDe2,30,3.285714,13.049137,1.582799,4,1
airport87nDr0nDe2,30,2.548872,13.928130,0.552345,4,1
airport84nDr0nDe1,30,1.541353,11.718077,0.879193,4,1
grid54nDr0nDe3,30,13.593985,675.022345,1.817036,21,1
metroplex88nDr0nDe2,30,5.027569,22.765843,15.525258,4,3
grid87nDr0nDe1,30,13.754386,17.714316,1.242166,8,1
airport87nDr0nDe3,30,1.115288,15.197854,1.441434,4,1
airport84nDr0nDe2,30,1.656642,9.102936,0.596481,4,1
grid71nDr0nDe2,30,3.724310,19.540905,12.733288,4,3
airport83nDr0nDe1,30,0.571429,8.250137,0.778491,4,1
metroplex88nDr0nDe1,30,6.177945,55.449384,24.386729,7,3
metroplex83nDr0nDe3,30,5.824561,405.879317,1.830631,12,1
grid41nDr0nDe3,30,15.536341,751.952707,3.483506,21,1
airport7nDr0nDe3,30,2.015038,4.493745,0.354725,4,1
grid64nDr0nDe1,30,2.604010,34.407455,1.067623,7,1
metroplex89nDr0nDe2,30,3.506266,28.629937,10.077928,5,2
metroplex89nDr0nDe3,30,3.982456,29.165914,15.309588,5,3
metroplex89nDr0nDe1,30,5.749373,58.474165,52.939744,9,8
grid69nDr0nDe3,30,6.644110,767.455175,2.364010,21,1
grid7nDr0nDe3,30,5.877193,2.638179,0.241308,8,1
airport88nDr0nDe2,30,0.714286,11.950213,0.833815,4,1
metroplex8nDr0nDe1,30,3.681704,20.469327,10.220641,4,2
airport79nDr0nDe2,30,2.448622,15.548163,1.184084,4,1
grid73nDr0nDe2,30,1.416040,21.626355,9.771253,4,2
grid67nDr0nDe1,30,13.676692,20.760354,8.650465,4,2
metroplex79nDr0nDe3,30,201.694235,850.924295,850.821343,21,21
airport90nDr0nDe1,30,1.360902,1.471969,0.165958,4,1
grid71nDr0nDe1,30,3.265664,170.353965,1.281230,6,1
airport8nDr0nDe3,30,2.471178,9.470655,0.954923,4,1
metroplex90nDr0nDe1,30,8.586466,21.503240,15.553506,4,3
airport8nDr0nDe2,30,0.591479,10.500746,0.995308,4,1
metroplex84nDr0nDe3,30,11.355890,147.274080,3.243960,5,1
airport88nDr0nDe1,30,1.729323,12.162435,0.743904,4,1
airport8nDr0nDe1,30,0.438596,11.651132,0.669373,4,1
metroplex92nDr0nDe1,30,11.383459,2.257871,0.786998,6,3
metroplex91nDr0nDe2,30,3.979950,29.545002,20.867758,4,3
grid79nDr0nDe2,30,1.864662,25.688197,1.974311,5,1
grid75nDr0nDe3,30,17.626566,732.290603,4.093393,21,1
airport91nDr0nDe1,30,1.095238,8.240443,0.459300,4,1
grid78nDr0nDe3,30,8.365915,599.151283,3.458233,21,1
airport93nDr0nDe1,30,0.390977,9.279345,0.637129,4,1
airport83nDr0nDe3,30,1.699248,3.597990,0.370620,4,1
metroplex92nDr0nDe2,30,6.631579,2.943472,0.966286,4,2
grid90nDr0nDe1,30,6.403509,3.084276,2.055724,4,3
airport92nDr0nDe2,30,1.781955,1.923286,0.247777,4,1
grid92nDr0nDe1,30,1.395990,7.218788,0.329590,11,1
metroplex92nDr0nDe3,30,13.037594,7.323424,5.642011,4,3
metroplex90nDr0nDe2,30,14.947368,64.513806,2.187383,6,1
airport93nDr0nDe2,30,0.666667,12.761250,1.128111,4,1
grid67nDr0nDe2,30,6.330827,379.985143,370.897497,16,14
metroplex83nDr0nDe2,30,4.929825,287.202548,2.041844,9,1
airport73nDr0nDe3,30,1.523810,12.680981,1.121289,4,1
airport93nDr0nDe3,30,1.142857,9.015691,1.311030,4,1
metroplex93nDr0nDe1,30,5.285714,23.883535,2.879344,4,1
grid92nDr0nDe2,30,7.749373,4.315511,0.357069,5,1
airport71nDr0nDe3,30,2.714286,4.290647,0.541013,4,1
grid92nDr0nDe3,30,8.315789,2.062868,0.395482,4,1
grid67nDr0nDe3,30,4.726817,243.838293,2.420829,12,1
metroplex95nDr0nDe2,30,4.155388,1.214793,0.253976,4,1
metroplex94nDr0nDe1,30,10.250627,30.583372,30.483680,4,4
metroplex93nDr0nDe3,30,6.032581,39.806001,22.661649,5,3
metroplex95nDr0nDe1,30,5.634060,8.490798,3.507087,6,3
airport94nDr0nDe1,30,0.726817,5.481232,0.361595,4,1
metroplex95nDr0nDe3,30,8.090226,0.548617,0.149466,4,1
airport96nDr0nDe2,30,2.824561,10.317244,0.948425,4,1
airport88nDr0nDe3,30,2.000000,13.807277,0.889287,4,1
airport96nDr0nDe3,30,1.541353,2.650115,0.219893,4,1
airport78nDr0nDe2,30,2.142857,11.144244,6.129563,4,2
airport95nDr0nDe1,30,0.822055,1.645584,0.307229,4,1
airport96nDr0nDe1,30,0.476190,10.554747,1.124432,4,1
grid89nDr0nDe3,30,13.223058,125.804674,21.324173,5,1
metroplex94nDr0nDe2,30,5.210526,49.786872,5.404226,5,1
airport94nDr0nDe3,30,1.488722,5.173761,0.460968,4,1
airport91nDr0nDe2,30,0.476190,8.748223,1.105914,4,1
airport84nDr0nDe3,30,1.095238,13.180850,1.230608,4,1
metroplex96nDr0nDe1,30,2.927318,36.602407,21.769591,6,4
grid74nDr0nDe2,30,5.521303,696.647966,9.382155,21,2
airport95nDr0nDe2,30,1.012531,2.641097,0.243054,4,1
metroplex8nDr0nDe3,30,6.203008,106.610865,1.418270,6,1
grid80nDr0nDe3,30,1.634085,178.272272,2.944520,9,1
grid86nDr0nDe3,30,16.912281,649.116500,1.612594,21,1
grid95nDr0nDe1,30,2.766917,7.563251,0.624010,5,1
grid5nDr0nDe3,30,5.022556,685.438686,1.427127,20,1
grid88nDr0nDe1,30,1.771930,446.407804,2.237297,18,1
airport97nDr0nDe1,30,1.385965,6.998329,0.652380,4,1
grid80nDr0nDe1,30,3.766917,766.306531,1.583280,21,1
grid84nDr0nDe2,30,4.095238,330.402440,322.578791,17,15
metroplex96nDr0nDe2,30,6.498721,46.483751,3.076428,6,1
grid95nDr0nDe2,30,4.461153,574.355562,0.587295,21,1
grid78nDr0nDe1,30,4.972431,620.791284,3.034719,21,1
grid82nDr0nDe2,30,12.822055,715.571829,1.860037,21,1
grid85nDr0nDe1,30,4.152882,350.389833,1.671136,16,1
metroplex98nDr0nDe1,30,3.837093,7.448496,0.973418,4,1
grid80nDr0nDe2,30,17.110276,70.773221,5.612114,7,1
airport83nDr0nDe2,30,7.070175,10.851962,1.468136,4,1
metroplex94nDr0nDe3,30,6.872180,111.369571,95.775447,8,6
metroplex90nDr0nDe3,30,14.887218,266.223335,30.442775,8,1
metroplex97nDr0nDe1,30,4.586466,36.769932,2.829096,5,1
metroplex97nDr0nDe3,30,11.786967,16.581061,7.034091,4,2
metroplex96nDr0nDe3,30,7.398496,38.711441,32.924620,6,5
airport79nDr0nDe3,30,2.333333,13.967884,1.263185,4,1
grid86nDr0nDe1,30,4.491228,697.704753,1.055273,21,1
airport99nDr0nDe1,30,0.095238,12.342496,1.198366,4,1
airport98nDr0nDe3,30,1.488722,4.022006,0.355494,4,1
metroplex8nDr0nDe2,30,10.070175,282.136111,1.970604,9,1
grid87nDr0nDe3,30,14.463659,636.489141,1.708190,21,1
grid84nDr0nDe3,30,8.892231,44.788831,2.086490,7,1
grid82nDr0nDe1,30,11.536341,620.230975,1.775915,21,1
grid84nDr0nDe1,30,4.654135,384.891446,1.929106,21,1
metroplex99nDr0nDe1,30,3.834586,1.399232,0.306595,4,1
airport97nDr0nDe2,30,0.714286,12.154568,0.572592,4,1
airport98nDr0nDe1,30,1.190476,6.745343,0.592354,4,1
metroplex98nDr0nDe2,30,8.721805,24.083068,11.043449,4,2
grid4nDr0nDe2,30,0.791980,357.302474,1.424311,15,1
grid96nDr0nDe1,30,1.358396,74.377270,1.149361,15,1
metroplex98nDr0nDe3,30,17.719298,16.125177,1.978440,4,1
grid95nDr0nDe3,30,13.310777,594.002795,2.922515,21,2
airport97nDr0nDe3,30,1.095238,13.333903,1.034778,4,1
airport99nDr0nDe2,30,1.834586,0.885593,0.132567,4,1
airport9nDr0nDe1,30,0.952381,15.526366,1.303115,4,1
grid88nDr0nDe2,30,4.834586,423.088114,3.904847,16,1
metroplex97nDr0nDe2,30,9.636591,36.421629,29.099966,5,4
airport9nDr0nDe2,30,1.333333,13.147590,0.917270,4,1
metroplex91nDr0nDe1,30,19.706767,675.441328,31.014126,20,1
airport9nDr0nDe3,30,1.523810,14.477810,0.779333,4,1
grid97nDr0nDe1,30,2.438596,23.123006,16.009485,6,4
airport99nDr0nDe3,30,1.285714,10.352469,1.161564,4,1
grid99nDr0nDe2,30,3.040100,1.163768,0.182299,4,1
grid91nDr0nDe2,30,4.894737,314.124737,2.013001,15,1
grid98nDr0nDe2,30,8.155388,14.643902,7.533908,4,2
grid99nDr0nDe3,30,3.325815,1.121447,0.166668,4,1
metroplex9nDr0nDe1,30,11.140351,19.276273,8.609864,4,2
airport95nDr0nDe3,30,1.488722,2.012854,0.259791,4,1
grid65nDr0nDe2,30,10.601504,715.594380,1.884863,21,1
grid78nDr0nDe2,30,6.802005,744.256908,1.921802,21,1
grid96nDr0nDe2,30,1.591479,43.045810,0.822394,5,1
grid97nDr0nDe3,30,11.807018,25.940726,1.824526,4,1
airport90nDr0nDe3,30,1.814536,2.216337,0.276166,4,1
metroplex9nDr0nDe2,30,7.884712,22.109507,2.037870,4,1
grid9nDr0nDe1,30,3.481203,6.332446,0.703044,4,1
grid73nDr0nDe3,30,2.300752,200.186413,3.182795,7,1
metroplex9nDr0nDe3,30,15.140351,28.612168,14.299073,4,2
grid90nDr0nDe2,30,3.087719,308.570273,1.054946,12,1
grid93nDr0nDe3,30,15.025063,112.726829,3.411329,10,1
airport63nDr0nDe3,30,1.488722,1.585974,0.240290,4,1
airport91nDr0nDe3,30,1.904762,8.336287,0.897082,4,1
airport98nDr0nDe2,30,1.380952,10.883349,0.534636,4,1
grid63nDr0nDe3,30,20.456140,46.220031,0.601251,10,1
airport94nDr0nDe2,30,0.809524,11.260899,0.620217,4,1
grid85nDr0nDe2,30,6.310777,764.449450,2.950099,21,1
grid90nDr0nDe3,30,17.573935,8.273597,3.339952,4,2
grid83nDr0nDe1,30,4.408521,371.319100,2.134558,13,1
grid97nDr0nDe2,30,11.045113,12.693753,4.629576,4,2
grid83nDr0nDe3,30,5.864662,366.439320,2.974104,12,1
grid8nDr0nDe1,30,3.406015,166.791320,0.887378,11,1
airport90nDr0nDe2,30,1.551378,2.647733,0.307614,4,1
grid98nDr0nDe1,30,5.982456,32.126204,1.477196,7,1
grid79nDr0nDe3,30,7.260652,140.559821,1.488745,8,1
grid94nDr0nDe1,30,2.408521,230.739965,1.669959,9,1
metroplex91nDr0nDe3,30,15.355890,793.286670,30.880379,21,1
airport92nDr0nDe1,30,3.140351,6.390224,0.456602,4,1
grid93nDr0nDe1,30,1.781955,226.534553,2.007583,12,1
grid94nDr0nDe2,30,3.112782,637.317015,2.093487,21,1
grid88nDr0nDe3,30,7.177945,361.749299,351.389098,15,13
grid96nDr0nDe3,30,1.741855,290.609943,1.305171,13,1
grid89nDr0nDe2,30,6.947368,477.845593,1.390014,19,1
grid71nDr0nDe3,30,10.408521,277.776700,4.978149,13,1
grid82nDr0nDe3,30,13.192982,725.298663,3.627618,21,1
grid8nDr0nDe2,30,7.132832,68.762857,0.922378,8,1
grid99nDr0nDe1,30,9.323308,607.786901,607.732615,21,21
grid83nDr0nDe2,30,9.152882,112.345392,1.760206,10,1
grid98nDr0nDe3,30,14.431078,652.422741,1.038505,21,1
grid89nDr0nDe1,30,12.486216,229.356816,2.446386,11,1
grid91nDr0nDe1,30,0.819549,339.867213,1.629192,17,1
grid9nDr0nDe2,30,5.679198,652.153803,1.401990,21,1
airport92nDr0nDe3,30,2.067669,1.088800,0.113492,4,1
grid8nDr0nDe3,30,8.711779,234.862866,1.340723,8,1
grid94nDr0nDe3,30,3.398496,530.306020,1.032314,20,1
grid93nDr0nDe2,30,2.721805,398.735603,1.145453,16,1
grid91nDr0nDe3,30,5.368421,26.056875,1.224944,7,1
grid9nDr0nDe3,30,5.283208,645.124304,1.733908,20,1
