metroplex19nDr0nDe2,30,4.157895,0.619614,0.145461,4,1
metroplex23nDr0nDe2,30,11.130326,0.567409,0.131543,4,1
metroplex14nDr0nDe2,30,5.694236,0.672081,0.146656,4,1
metroplex13nDr0nDe1,30,11.055138,0.794093,0.383165,4,2
metroplex10nDr0nDe2,30,4.944836,0.832452,0.156135,4,1
metroplex17nDr0nDe3,30,120.461153,1.682950,0.351687,5,2
metroplex20nDr0nDe1,30,3.310777,1.386362,0.259287,4,1
metroplex19nDr0nDe3,30,4.220551,1.253882,0.200337,4,1
airport13nDr0nDe1,30,1.305764,0.630749,0.092241,4,1
airport14nDr0nDe2,30,1.518797,1.115416,0.134437,4,1
metroplex17nDr0nDe2,30,4.421053,2.031430,0.261304,4,1
airport23nDr0nDe2,30,1.466165,1.283150,0.149440,4,1
metroplex20nDr0nDe2,30,12.531328,2.499674,0.376465,4,1
airport17nDr0nDe3,30,3.822055,0.664286,0.098520,4,1
metroplex1nDr0nDe3,30,10.112782,3.324807,1.362386,4,2
metroplex27nDr0nDe3,30,9.205514,2.654190,0.366287,4,1
airport20nDr0nDe1,30,3.378446,0.863851,0.139076,4,1
metroplex27nDr0nDe1,30,3.954887,3.663017,1.493488,4,2
airport19nDr0nDe3,30,1.646617,0.655084,0.121094,4,1
grid14nDr0nDe2,30,2.842105,0.722814,0.103913,4,1
metroplex13nDr0nDe2,30,85.250601,4.850885,1.239736,5,2
metroplex13nDr0nDe3,30,7.674185,4.065922,1.857830,4,2
metroplex1nDr0nDe1,30,11.250627,4.081227,1.952217,4,2
metroplex22nDr0nDe3,30,15.847118,3.635982,1.659904,4,2
grid13nDr0nDe1,30,5.932331,1.545186,1.528968,4,4
metroplex0nDr0nDe1,30,3.298246,4.390788,3.178121,4,3
metroplex27nDr0nDe2,30,6.300752,2.809867,1.312736,4,2
grid17nDr0nDe3,30,7.912281,1.741944,0.261678,4,1
airport20nDr0nDe2,30,3.568922,1.000169,0.164323,4,1
metroplex12nDr0nDe3,30,11.508772,3.184222,0.278364,5,1
metroplex17nDr0nDe1,30,2.904762,4.800952,0.459103,4,1
grid20nDr0nDe1,30,3.375940,1.280686,0.229882,4,1
metroplex22nDr0nDe1,30,4.476190,5.159130,2.387877,4,2
airport17nDr0nDe2,30,1.476190,2.469928,0.248826,4,1
metroplex14nDr0nDe3,30,9.300752,5.356115,0.998588,4,1
metroplex12nDr0nDe2,30,8.894737,7.410278,0.560531,6,1
airport27nDr0nDe1,30,1.075188,0.959471,0.154041,4,1
metroplex0nDr0nDe2,30,11.822055,6.743010,4.874137,4,3
metroplex18nDr0nDe1,30,5.147870,8.003433,3.386250,4,2
airport27nDr0nDe3,30,2.754386,2.190528,0.259956,4,1
metroplex12nDr0nDe1,30,7.842105,5.001612,0.367799,8,1
airport1nDr0nDe1,30,0.979950,1.169359,0.129361,4,1
metroplex26nDr0nDe1,30,2.488722,5.218839,2.184721,4,2
metroplex22nDr0nDe2,30,4.661654,6.277747,0.568383,5,1
airport0nDr0nDe1,30,1.075188,0.766759,0.107105,4,1
grid19nDr0nDe3,30,7.511278,4.384655,0.271000,5,1
airport13nDr0nDe2,30,3.832080,2.646497,0.206956,4,1
airport19nDr0nDe2,30,2.120301,8.254301,0.752329,4,1
grid17nDr0nDe2,30,6.481203,1.529554,0.239519,4,1
metroplex29nDr0nDe1,30,3.090226,2.772175,1.138472,4,2
airport17nDr0nDe1,30,1.200501,0.740352,0.105283,4,1
airport22nDr0nDe3,30,1.593985,2.667891,0.227828,4,1
grid20nDr0nDe2,30,10.180451,2.842163,0.330835,4,1
metroplex26nDr0nDe2,30,14.857143,7.164579,3.274337,4,2
grid27nDr0nDe1,30,3.769424,4.004927,1.670208,4,2
metroplex11nDr0nDe1,30,30.463659,7.714839,3.819001,6,4
airport22nDr0nDe1,30,1.270677,2.477058,0.212341,4,1
grid13nDr0nDe2,30,6.686717,1.833789,0.322227,4,1
airport10nDr0nDe2,30,1.115288,10.896671,0.718588,4,1
airport18nDr0nDe1,30,1.548872,0.607801,0.115305,4,1
airport29nDr0nDe1,30,1.295739,1.202675,0.151271,4,1
airport1nDr0nDe3,30,2.278195,7.028043,0.509824,4,1
airport27nDr0nDe2,30,1.902256,4.537663,0.380502,4,1
metroplex26nDr0nDe3,30,6.521303,10.483777,4.100108,4,2
metroplex28nDr0nDe3,30,13.598997,9.161240,0.921281,5,1
airport22nDr0nDe2,30,1.581454,1.091647,0.130365,4,1
metroplex29nDr0nDe2,30,4.037594,3.754815,0.483589,4,1
grid22nDr0nDe3,30,4.969925,2.772422,1.078971,4,2
metroplex2nDr0nDe2,30,4.774436,1.712936,0.818496,4,2
grid29nDr0nDe1,30,2.543860,1.385428,0.261210,4,1
grid22nDr0nDe1,30,3.466165,2.227719,0.993244,4,2
grid0nDr0nDe1,30,3.498747,6.808952,0.684771,4,1
airport12nDr0nDe2,30,1.471178,4.775595,0.369556,4,1
metroplex21nDr0nDe1,30,1.887218,14.222264,1.769866,4,1
airport12nDr0nDe3,30,2.157895,7.266497,0.593607,4,1
airport12nDr0nDe1,30,0.884712,4.446727,0.384356,4,1
grid17nDr0nDe1,30,3.042607,4.340111,0.324196,5,1
metroplex30nDr0nDe1,30,14.774436,1.268737,0.504731,6,3
airport29nDr0nDe2,30,1.223058,0.864564,0.073480,4,1
airport30nDr0nDe1,30,0.822055,0.690579,0.103613,4,1
metroplex28nDr0nDe1,30,5.092732,17.369980,7.514838,6,3
metroplex30nDr0nDe2,30,7.155388,1.638106,0.266117,4,1
grid18nDr0nDe1,30,4.441103,5.866007,2.593899,4,2
airport2nDr0nDe1,30,2.017544,5.415883,0.303362,4,1
airport13nDr0nDe3,30,3.000000,13.889352,1.085212,4,1
airport0nDr0nDe2,30,1.433584,5.990419,0.450251,4,1
airport2nDr0nDe2,30,1.972431,4.309914,0.401432,4,1
airport30nDr0nDe2,30,1.393484,0.660264,0.121265,4,1
airport26nDr0nDe2,30,1.380952,4.064251,0.317128,4,1
metroplex15nDr0nDe3,30,7.957393,21.759900,14.648385,4,3
airport26nDr0nDe3,30,2.568922,0.662997,0.094516,4,1
metroplex30nDr0nDe3,30,9.791980,3.622602,1.643492,4,2
metroplex31nDr0nDe1,30,8.749373,1.492280,0.674025,4,2
metroplex15nDr0nDe2,30,6.982456,22.120946,15.884840,4,3
metroplex25nDr0nDe2,30,9.150376,22.546390,15.570077,4,3
grid29nDr0nDe2,30,5.017544,3.636126,0.408163,4,1
grid22nDr0nDe2,30,14.213033,5.769063,0.641501,5,1
grid30nDr0nDe1,30,5.611529,3.890886,1.769157,4,2
metroplex31nDr0nDe3,30,7.385965,0.438437,0.136142,4,1
metroplex16nDr0nDe3,30,8.894737,23.821260,10.273924,4,2
metroplex19nDr0nDe1,30,4.315789,13.276047,1.037011,5,1
metroplex29nDr0nDe3,30,11.443609,9.780335,1.019709,5,1
airport28nDr0nDe3,30,3.501253,5.312862,0.549334,4,1
airport26nDr0nDe1,30,0.964912,8.615959,0.594282,4,1
grid27nDr0nDe2,30,6.596491,5.320552,0.403621,4,1
metroplex32nDr0nDe1,30,5.576441,0.518756,0.129360,4,1
airport31nDr0nDe3,30,6.736842,2.345424,0.273873,4,1
grid12nDr0nDe2,30,9.578947,5.766014,4.077326,4,3
grid12nDr0nDe1,30,3.288221,6.430442,0.671357,5,1
metroplex18nDr0nDe3,30,10.669173,14.484243,8.433569,5,3
airport32nDr0nDe1,30,0.822055,0.824858,0.143374,4,1
airport30nDr0nDe3,30,1.909774,1.136086,0.192845,4,1
grid2nDr0nDe1,30,2.714286,3.972098,0.335629,5,1
metroplex31nDr0nDe2,30,13.802005,5.335748,0.635901,5,1
airport31nDr0nDe1,30,1.107769,3.662233,0.378224,4,1
grid12nDr0nDe3,30,3.020050,6.355004,2.264047,4,2
metroplex2nDr0nDe3,30,12.230576,13.532364,10.097125,5,3
metroplex1nDr0nDe2,30,21.367829,18.120687,5.460877,5,1
grid30nDr0nDe3,30,5.380952,0.722549,0.154855,4,1
metroplex16nDr0nDe1,30,17.160401,31.936214,19.327010,5,3
grid19nDr0nDe2,30,9.250627,13.105261,0.758599,6,1
grid1nDr0nDe1,30,9.245614,11.360418,0.825054,6,1
grid26nDr0nDe3,30,5.756892,7.157811,0.567075,4,1
airport11nDr0nDe1,30,1.295739,8.843762,0.635164,4,1
grid13nDr0nDe3,30,8.553885,2.206669,0.385380,4,1
airport14nDr0nDe3,30,2.904762,22.161414,1.750313,4,1
metroplex32nDr0nDe3,30,9.541353,3.387097,1.919587,4,2
grid31nDr0nDe1,30,3.942356,0.554715,0.091774,4,1
metroplex28nDr0nDe2,30,10.578947,35.538597,2.305514,7,1
airport29nDr0nDe3,30,1.699248,0.725842,0.074508,4,1
metroplex33nDr0nDe3,30,11.849624,3.473422,1.870554,5,3
airport32nDr0nDe3,30,1.593985,0.632086,0.121727,4,1
metroplex14nDr0nDe1,30,1.631579,51.659352,2.209834,6,1
airport31nDr0nDe2,30,1.393484,4.746176,0.472234,4,1
grid32nDr0nDe1,30,3.556391,12.492386,0.472777,7,1
grid32nDr0nDe3,30,9.546366,1.877950,0.254526,5,1
airport28nDr0nDe1,30,8.949875,8.880897,0.666160,4,1
airport33nDr0nDe3,30,2.796992,1.456002,0.169973,4,1
airport2nDr0nDe3,30,1.107769,0.570410,0.101304,4,1
airport21nDr0nDe1,30,0.476190,14.183681,0.996556,4,1
metroplex18nDr0nDe2,30,16.182957,38.340263,17.706794,5,2
airport19nDr0nDe1,30,1.032581,2.690929,0.295356,4,1
grid31nDr0nDe2,30,9.676692,1.891351,0.799822,4,2
metroplex24nDr0nDe3,30,11.528822,42.835629,23.347677,5,3
airport16nDr0nDe3,30,1.909774,4.670483,0.356520,4,1
grid33nDr0nDe3,30,15.250627,4.990490,2.139853,4,2
metroplex36nDr0nDe1,30,6.476190,3.172492,0.567028,4,1
metroplex36nDr0nDe2,30,6.315789,5.310354,0.988607,4,1
metroplex23nDr0nDe1,30,7.541353,41.489405,35.811084,5,4
airport18nDr0nDe3,30,5.583960,1.589814,0.184770,4,1
grid2nDr0nDe3,30,10.355890,7.546485,0.599569,4,1
grid11nDr0nDe1,30,2.832080,11.130337,0.540525,8,1
metroplex33nDr0nDe1,30,1.997494,11.600589,1.450281,5,1
metroplex15nDr0nDe1,30,8.754386,44.722011,18.552792,4,2
airport25nDr0nDe2,30,6.780581,12.819733,5.491957,4,2
metroplex24nDr0nDe1,30,3.330827,34.934608,19.101934,5,3
metroplex33nDr0nDe2,30,5.285714,16.761109,0.873606,5,1
metroplex36nDr0nDe3,30,10.062657,5.768873,2.514169,4,2
airport15nDr0nDe3,30,1.761905,15.621429,1.186725,4,1
grid30nDr0nDe2,30,2.551378,5.199890,0.455185,5,1
airport1nDr0nDe2,30,1.476190,4.910893,0.285401,4,1
airport15nDr0nDe2,30,1.476190,10.057549,1.255888,4,1
airport36nDr0nDe2,30,1.508772,3.798603,0.343252,4,1
grid27nDr0nDe3,30,12.741855,13.226325,0.750537,6,1
metroplex24nDr0nDe2,30,7.942356,38.776619,5.205418,5,1
grid10nDr0nDe2,30,5.453634,17.779763,12.386489,4,3
airport36nDr0nDe1,30,3.939850,6.552690,3.138218,4,2
metroplex23nDr0nDe3,30,12.139759,57.257975,29.190436,4,2
grid19nDr0nDe1,30,5.674185,10.204095,0.988436,5,1
metroplex21nDr0nDe3,30,16.754386,65.717999,10.203424,6,2
airport36nDr0nDe3,30,2.172932,0.999212,0.133447,4,1
airport28nDr0nDe2,30,1.909774,9.592504,0.704218,4,1
airport16nDr0nDe1,30,0.285714,8.276334,0.934497,4,1
grid31nDr0nDe3,30,7.100251,10.354163,0.769975,6,1
grid36nDr0nDe2,30,7.355890,6.672112,0.651545,4,1
grid36nDr0nDe1,30,5.639098,1.831502,0.808102,4,2
metroplex35nDr0nDe1,30,2.659148,32.652623,3.377230,5,1
metroplex25nDr0nDe3,30,10.769424,39.451302,2.532470,6,1
metroplex35nDr0nDe2,30,7.942356,25.076754,2.269461,5,1
grid1nDr0nDe2,30,8.333333,8.464565,3.085367,4,2
airport33nDr0nDe1,30,1.443609,4.285972,0.425782,4,1
grid33nDr0nDe1,30,3.255639,1.924093,0.238179,5,1
airport33nDr0nDe2,30,1.889724,7.381086,0.546156,4,1
grid26nDr0nDe1,30,3.556391,9.359678,0.403898,5,1
airport18nDr0nDe2,30,1.634085,8.270993,0.697980,4,1
metroplex38nDr0nDe3,30,11.448622,11.373547,4.884995,5,2
airport14nDr0nDe1,30,1.761905,16.526856,1.379510,4,1
airport24nDr0nDe3,30,1.619048,13.589745,1.064384,4,1
airport23nDr0nDe1,30,1.476190,8.006641,0.706015,4,1
airport38nDr0nDe3,30,1.646617,1.697252,0.250632,4,1
grid2nDr0nDe2,30,17.438596,127.424851,0.828513,13,1
grid33nDr0nDe2,30,5.654135,7.202576,3.055286,4,2
grid38nDr0nDe3,30,5.624060,1.819684,0.321961,4,1
metroplex38nDr0nDe2,30,12.784461,23.289794,14.719094,4,3
metroplex3nDr0nDe3,30,79.468672,3.325784,1.860671,6,4
metroplex40nDr0nDe3,30,7.365915,0.963395,0.423762,4,2
metroplex40nDr0nDe1,30,6.736842,4.142310,1.717388,4,2
metroplex20nDr0nDe3,30,164.037298,164.326486,98.019000,6,4
airport15nDr0nDe1,30,0.476190,15.010852,1.107504,4,1
metroplex40nDr0nDe2,30,16.458647,5.983915,2.188558,4,2
airport40nDr0nDe3,30,1.631579,2.192323,0.236674,4,1
airport40nDr0nDe1,30,1.370927,0.989025,0.081826,4,1
airport35nDr0nDe1,30,0.854637,10.453039,0.950081,4,1
metroplex3nDr0nDe2,30,6.674185,19.193491,1.156585,7,1
airport24nDr0nDe1,30,0.571429,11.849115,1.094014,4,1
airport35nDr0nDe2,30,1.142857,14.875042,1.566545,4,1
airport24nDr0nDe2,30,1.047619,10.148869,0.997734,4,1
metroplex0nDr0nDe3,30,13.874687,83.310201,38.287884,5,3
airport23nDr0nDe3,30,0.962406,9.202983,0.802305,4,1
airport39nDr0nDe1,30,2.035088,7.454662,0.556065,4,1
airport40nDr0nDe2,30,1.791980,3.112708,0.378422,4,1
metroplex39nDr0nDe2,30,9.629073,16.378751,2.702369,5,1
airport3nDr0nDe3,30,1.428571,11.310067,1.133183,4,1
airport21nDr0nDe3,30,1.428571,15.938771,1.230715,4,1
airport38nDr0nDe2,30,1.523810,4.039419,0.338324,4,1
grid39nDr0nDe1,30,4.060150,3.428007,0.429106,4,1
airport3nDr0nDe2,30,2.092732,6.439336,0.642309,4,1
grid40nDr0nDe3,30,18.769424,8.823027,1.133621,6,1
airport25nDr0nDe3,30,1.015038,9.504011,0.828347,4,1
grid0nDr0nDe2,30,2.982456,58.132142,1.293682,16,1
grid40nDr0nDe2,30,9.854637,8.271681,0.894722,5,1
grid3nDr0nDe3,30,23.842105,5.616444,1.018776,4,1
grid36nDr0nDe3,30,6.994987,51.324518,0.598744,6,1
grid3nDr0nDe2,30,5.147870,3.640106,0.626770,4,1
metroplex10nDr0nDe3,30,7.711779,91.221224,2.141508,6,1
airport38nDr0nDe1,30,1.411028,7.022217,0.450665,4,1
airport42nDr0nDe1,30,0.937343,1.652584,0.153602,4,1
metroplex42nDr0nDe3,30,11.486216,2.167031,1.086002,4,2
metroplex34nDr0nDe1,30,14.150376,55.709666,36.481273,5,3
airport42nDr0nDe3,30,1.804511,0.415615,0.074448,4,1
metroplex42nDr0nDe2,30,5.513784,5.548169,2.236936,4,2
metroplex43nDr0nDe2,30,11.571429,3.020846,1.472478,4,2
grid42nDr0nDe1,30,5.002506,3.630207,0.497901,4,1
grid40nDr0nDe1,30,10.310777,12.681903,0.294743,9,1
metroplex43nDr0nDe3,30,6.208020,0.462289,0.106419,4,1
metroplex21nDr0nDe2,30,16.508772,180.630871,9.826016,7,1
grid18nDr0nDe2,30,8.190476,10.227405,1.094318,4,1
airport32nDr0nDe2,30,8.932331,2.196181,0.281463,4,1
airport42nDr0nDe2,30,1.774436,1.770088,0.238549,4,1
metroplex10nDr0nDe1,30,21.295739,129.809295,129.738837,4,4
airport43nDr0nDe2,30,2.235589,4.472519,0.545477,4,1
airport43nDr0nDe3,30,2.330827,3.841075,0.363842,4,1
grid38nDr0nDe1,30,6.473684,10.135422,1.196843,4,1
grid1nDr0nDe3,30,4.305764,108.106598,0.873172,6,1
airport39nDr0nDe2,30,2.375940,9.989158,0.797342,4,1
grid32nDr0nDe2,30,4.809522,6.578296,0.723561,4,1
grid42nDr0nDe2,30,9.491228,6.432819,4.543851,4,3
grid26nDr0nDe2,30,3.591479,35.509201,1.102323,9,1
grid21nDr0nDe3,30,7.516291,20.472837,4.833584,6,2
metroplex44nDr0nDe1,30,10.979950,3.530401,0.546352,5,1
metroplex3nDr0nDe1,30,161.177945,552.425410,487.117491,18,16
airport44nDr0nDe1,30,1.443609,0.629175,0.125890,4,1
grid38nDr0nDe2,30,3.380952,27.326565,0.941756,7,1
grid43nDr0nDe2,30,11.892231,32.850936,0.875655,10,1
grid39nDr0nDe2,30,7.624060,7.863230,0.651616,4,1
metroplex44nDr0nDe2,30,4.761905,10.777537,1.146989,5,1
grid23nDr0nDe2,30,3.972431,182.734589,1.667054,8,1
grid44nDr0nDe1,30,2.245614,4.267632,0.425195,5,1
metroplex16nDr0nDe2,30,23.751879,163.996569,98.322194,5,3
metroplex34nDr0nDe3,30,17.210526,116.684596,72.399576,5,3
metroplex35nDr0nDe3,30,14.307086,59.144074,8.233075,6,1
airport44nDr0nDe2,30,1.393484,1.375009,0.123615,4,1
grid14nDr0nDe1,30,1.478697,22.435637,2.079713,5,1
grid43nDr0nDe3,30,12.609023,14.415559,0.709456,6,1
airport39nDr0nDe3,30,1.739348,1.626769,0.155338,4,1
grid23nDr0nDe1,30,3.864662,26.513728,1.789577,6,1
airport0nDr0nDe3,30,1.300752,12.132777,0.936185,4,1
metroplex47nDr0nDe2,30,14.403509,3.462567,1.490461,4,2
metroplex45nDr0nDe2,30,11.077694,27.968725,1.976365,5,1
airport46nDr0nDe2,30,9.526316,12.175437,5.044139,4,2
grid18nDr0nDe3,30,9.007519,14.487450,5.176788,4,2
metroplex47nDr0nDe3,30,11.027569,1.069614,0.214776,4,1
grid44nDr0nDe2,30,11.992481,30.488362,2.536380,10,2
metroplex43nDr0nDe1,30,82.992481,39.729558,22.499447,6,4
metroplex45nDr0nDe3,30,7.674160,31.795475,2.982398,5,1
airport47nDr0nDe2,30,0.676692,11.937030,0.884083,4,1
airport34nDr0nDe1,30,0.686717,11.196354,0.538036,4,1
grid42nDr0nDe3,30,5.741855,19.618391,1.442842,5,1
metroplex34nDr0nDe2,30,20.799498,165.794761,63.763207,5,2
airport47nDr0nDe3,30,2.047619,15.556036,1.439726,4,1
metroplex25nDr0nDe1,30,51.764385,368.479330,368.369532,11,11
airport43nDr0nDe1,30,0.874687,2.370451,0.257918,4,1
grid47nDr0nDe3,30,4.172932,0.888344,0.171316,4,1
metroplex48nDr0nDe2,30,5.553885,13.045933,1.763399,4,1
airport45nDr0nDe2,30,0.719298,11.633998,1.140409,4,1
metroplex44nDr0nDe3,30,22.914787,47.073864,1.659531,6,1
metroplex37nDr0nDe3,30,16.533539,215.267225,138.654233,6,4
metroplex47nDr0nDe1,30,2.824265,31.076013,9.877097,5,2
airport10nDr0nDe3,30,2.573935,8.954899,0.725208,4,1
metroplex11nDr0nDe2,30,18.551082,27.888079,12.745214,7,5
metroplex48nDr0nDe3,30,6.756892,20.760145,6.699368,5,2
grid10nDr0nDe3,30,3.922306,0.823750,0.135833,4,1
metroplex11nDr0nDe3,30,20.646320,24.350796,12.373560,7,5
grid43nDr0nDe1,30,3.746867,16.011581,1.211017,5,1
airport20nDr0nDe3,30,2.285714,11.810569,1.112345,4,1
metroplex49nDr0nDe1,30,9.160401,18.190975,8.138130,4,2
airport45nDr0nDe3,30,0.962406,10.794644,0.920515,4,1
grid24nDr0nDe1,30,0.621554,18.087377,2.528316,4,1
grid39nDr0nDe3,30,8.243108,8.010600,0.873934,5,1
airport48nDr0nDe2,30,2.596491,11.480150,0.556161,4,1
metroplex48nDr0nDe1,30,9.684211,39.784596,39.716650,4,4
airport21nDr0nDe2,30,1.238095,14.117774,1.252285,4,1
airport35nDr0nDe3,30,2.067669,2.566331,0.235474,4,1
airport48nDr0nDe3,30,1.699248,1.142817,0.147805,4,1
grid20nDr0nDe3,30,14.721805,7.394821,0.474548,8,1
airport10nDr0nDe1,30,1.295739,8.559176,0.855400,4,1
airport41nDr0nDe1,30,0.619048,5.726425,0.739893,4,1
airport34nDr0nDe3,30,1.258145,13.605699,1.073122,4,1
metroplex50nDr0nDe1,30,2.729323,1.046530,0.219413,4,1
grid28nDr0nDe1,30,6.100251,16.807427,1.516105,5,1
airport47nDr0nDe1,30,0.937343,5.099771,0.334390,4,1
airport49nDr0nDe1,30,1.333333,12.176857,1.012551,4,1
metroplex46nDr0nDe1,30,45.616541,271.486441,170.792990,10,7
metroplex50nDr0nDe2,30,9.278195,0.871659,0.203962,4,1
metroplex45nDr0nDe1,30,3.809524,38.258559,10.220236,6,2
airport50nDr0nDe2,30,1.328321,1.060987,0.159140,4,1
grid50nDr0nDe2,30,4.441103,0.948503,0.181370,4,1
metroplex49nDr0nDe2,30,5.122807,46.855289,27.107789,5,3
airport16nDr0nDe2,30,1.972431,5.827029,0.445363,4,1
airport50nDr0nDe1,30,1.781955,10.677264,1.162529,4,1
airport44nDr0nDe3,30,2.067669,3.730805,0.416061,4,1
metroplex51nDr0nDe1,30,4.619048,5.894342,2.342598,4,2
grid47nDr0nDe1,30,3.877193,8.408318,0.610027,4,1
metroplex4nDr0nDe1,30,3.802005,36.318258,19.892825,5,3
airport51nDr0nDe1,30,1.147870,0.509483,0.118524,4,1
metroplex37nDr0nDe1,30,10.135338,184.699967,31.039612,5,1
metroplex51nDr0nDe2,30,12.586466,5.532874,5.498457,4,4
grid51nDr0nDe1,30,5.764411,1.147628,0.207246,4,1
airport48nDr0nDe1,30,1.952381,11.741915,0.835992,4,1
metroplex51nDr0nDe3,30,15.448622,4.230315,1.962730,4,2
airport51nDr0nDe3,30,3.912281,0.781653,0.143430,4,1
airport51nDr0nDe2,30,8.067669,2.315240,0.962645,4,2
airport3nDr0nDe1,30,1.508772,1.281857,0.145584,4,1
grid3nDr0nDe1,30,4.593985,0.620949,0.116368,4,1
grid51nDr0nDe3,30,11.593985,7.771536,5.634488,4,3
airport52nDr0nDe1,30,0.726817,1.242108,0.154271,4,1
grid45nDr0nDe2,30,2.674185,45.922208,2.855166,6,1
metroplex52nDr0nDe3,30,14.167920,7.686426,3.763700,4,2
airport49nDr0nDe2,30,1.904762,11.658533,1.195010,4,1
grid52nDr0nDe1,30,2.443609,8.256803,0.633220,4,1
grid44nDr0nDe3,30,4.558897,12.254740,0.784489,5,1
grid48nDr0nDe1,30,6.511278,18.757344,7.002447,4,2
grid28nDr0nDe3,30,11.235589,39.757144,3.158988,6,1
grid28nDr0nDe2,30,4.588972,23.574632,1.522781,5,1
grid16nDr0nDe3,30,2.824561,19.076941,1.608762,4,1
airport4nDr0nDe1,30,0.190476,12.579248,1.000978,4,1
grid51nDr0nDe2,30,16.789474,4.767746,3.110505,4,3
airport52nDr0nDe3,30,2.646617,7.168178,0.595492,4,1
metroplex53nDr0nDe3,30,6.330827,0.622289,0.149781,4,1
airport41nDr0nDe2,30,0.476190,4.889795,0.601842,4,1
airport34nDr0nDe2,30,1.591479,9.538309,0.770830,4,1
airport37nDr0nDe3,30,1.699248,5.176895,0.476610,4,1
grid21nDr0nDe1,30,7.233083,24.639713,2.142284,5,1
airport46nDr0nDe1,30,1.022556,2.846921,0.366947,4,1
metroplex52nDr0nDe2,30,13.829574,90.421420,6.307518,6,1
grid21nDr0nDe2,30,9.436090,33.001559,1.246644,7,1
grid48nDr0nDe2,30,9.789474,33.778864,8.384464,6,2
airport25nDr0nDe1,30,17.419679,11.471529,4.375763,4,2
grid10nDr0nDe1,30,2.358396,9.998755,0.870774,5,1
grid16nDr0nDe1,30,2.145363,20.804682,1.829174,4,1
airport53nDr0nDe3,30,2.571429,14.477763,0.998636,4,1
grid46nDr0nDe1,30,7.132832,5.970441,2.592708,4,2
grid46nDr0nDe2,30,6.934837,12.563175,0.759521,5,1
grid15nDr0nDe3,30,4.385965,38.811150,2.202549,6,1
grid53nDr0nDe3,30,3.092732,0.904792,0.177791,4,1
airport52nDr0nDe2,30,1.365915,0.841349,0.142966,4,1
airport45nDr0nDe1,30,0.200501,9.607750,0.671463,4,1
grid35nDr0nDe1,30,1.127820,665.419637,2.163547,21,1
metroplex37nDr0nDe2,30,8.992481,164.380175,66.391276,5,2
metroplex4nDr0nDe3,30,12.561404,259.439631,21.417406,9,2
metroplex50nDr0nDe3,30,9.085213,20.486668,11.824641,4,2
grid34nDr0nDe1,30,12.190476,51.296171,3.942858,6,1
grid4nDr0nDe1,30,5.583960,9.751401,3.903157,4,2
grid52nDr0nDe3,30,3.453634,7.774767,3.208947,4,2
metroplex55nDr0nDe1,30,1.997494,23.279491,11.793993,4,2
grid0nDr0nDe3,30,6.408521,241.205399,2.179132,16,1
grid47nDr0nDe2,30,6.145363,35.839332,2.325193,6,1
metroplex54nDr0nDe1,30,1.844612,40.987650,20.924574,5,3
grid52nDr0nDe2,30,3.015038,8.431607,0.910726,4,1
grid35nDr0nDe2,30,4.092732,52.441703,1.607191,10,1
airport11nDr0nDe2,30,1.032581,8.366545,0.617634,4,1
grid23nDr0nDe3,30,5.022556,393.709029,1.802653,17,1
metroplex56nDr0nDe1,30,4.471178,6.717855,0.783530,4,1
metroplex56nDr0nDe2,30,9.784461,11.129701,5.379228,4,2
airport56nDr0nDe1,30,1.716792,2.504017,0.232826,4,1
grid29nDr0nDe3,30,4.125313,184.448970,3.505866,6,1
airport55nDr0nDe1,30,1.754386,6.500125,0.412362,4,1
grid56nDr0nDe1,30,15.260652,2.628107,1.084280,4,2
metroplex49nDr0nDe3,30,15.884712,212.314788,14.227779,7,1
airport11nDr0nDe3,30,1.699248,1.969363,0.241308,4,1
airport56nDr0nDe2,30,1.433584,2.523633,0.266459,4,1
metroplex57nDr0nDe1,30,11.586466,14.253933,1.790745,4,1
grid11nDr0nDe3,30,5.964912,2.255331,1.126877,4,2
metroplex41nDr0nDe3,30,10.155388,43.853192,2.669289,5,1
metroplex58nDr0nDe1,30,5.180451,6.390884,2.773139,4,2
metroplex55nDr0nDe3,30,10.862155,64.512996,24.223301,4,2
airport54nDr0nDe1,30,0.952381,7.796175,1.207826,4,1
airport58nDr0nDe1,30,0.726817,0.813157,0.136432,4,1
metroplex54nDr0nDe2,30,5.415744,54.528331,5.420380,5,1
metroplex58nDr0nDe3,30,6.644110,9.705664,6.117540,5,3
airport50nDr0nDe3,30,1.804511,0.985923,0.093020,4,1
grid34nDr0nDe2,30,3.047619,13.794276,1.219330,4,1
airport4nDr0nDe3,30,0.914787,11.678463,0.989286,4,1
grid58nDr0nDe1,30,3.110276,7.204886,0.422789,5,1
airport57nDr0nDe1,30,2.383459,10.086109,0.684489,4,1
airport58nDr0nDe3,30,1.614035,2.039671,0.221933,4,1
metroplex59nDr0nDe1,30,3.809524,9.794664,0.886650,4,1
metroplex57nDr0nDe2,30,12.969925,21.060580,4.474822,4,1
metroplex59nDr0nDe2,30,4.230576,1.263972,0.254903,4,1
metroplex59nDr0nDe3,30,12.305764,2.988776,1.375322,4,2
airport59nDr0nDe3,30,1.751880,1.599133,0.174308,4,1
grid58nDr0nDe3,30,10.714286,8.989128,0.747287,5,1
airport59nDr0nDe2,30,1.676692,5.670543,0.627268,4,1
airport59nDr0nDe1,30,1.491228,5.339367,0.504579,4,1
grid25nDr0nDe3,30,4.278195,43.342617,3.781928,6,1
grid59nDr0nDe2,30,11.571429,1.571311,0.236046,4,1
metroplex57nDr0nDe3,30,11.330827,28.020806,19.807551,7,5
metroplex56nDr0nDe3,30,9.441103,91.546866,4.516023,9,2
grid14nDr0nDe3,30,4.428571,211.810113,3.391115,7,1
airport37nDr0nDe1,30,5.260410,12.732961,5.212113,4,2
metroplex55nDr0nDe2,30,7.210526,288.458223,22.062252,9,2
grid59nDr0nDe1,30,3.556391,7.910280,0.864084,4,1
grid37nDr0nDe3,30,1.619048,20.719321,2.583581,4,1
airport55nDr0nDe3,30,1.285714,9.638509,1.269002,4,1
grid49nDr0nDe1,30,0.817043,32.031413,2.455501,6,1
metroplex60nDr0nDe2,30,10.170426,0.707857,0.166189,4,1
airport57nDr0nDe2,30,2.669173,11.259445,0.487764,4,1
metroplex5nDr0nDe1,30,67.969925,155.637118,30.337383,7,3
grid59nDr0nDe3,30,12.205514,6.625224,0.677039,5,1
airport60nDr0nDe2,30,1.949875,10.193652,0.917356,4,1
grid37nDr0nDe1,30,1.446115,20.787304,2.676566,4,1
airport57nDr0nDe3,30,6.614035,2.833079,0.283587,4,1
airport54nDr0nDe2,30,0.761905,10.221484,1.137806,4,1
metroplex61nDr0nDe1,30,7.892231,1.564245,0.296673,4,1
metroplex46nDr0nDe3,30,24.235589,233.644082,30.743414,7,1
grid57nDr0nDe3,30,12.744361,2.061947,0.774137,4,2
metroplex61nDr0nDe3,30,12.629073,0.876436,0.200717,4,1
airport61nDr0nDe1,30,1.190476,2.349066,0.289167,4,1
metroplex61nDr0nDe2,30,11.924812,2.254947,0.969923,4,2
airport61nDr0nDe3,30,1.107769,0.617533,0.120699,4,1
grid61nDr0nDe3,30,6.406015,0.956738,0.161947,4,1
airport61nDr0nDe2,30,0.927318,1.690354,0.193965,4,1
grid61nDr0nDe1,30,5.090226,4.479895,0.390181,5,1
metroplex53nDr0nDe1,30,9.220551,210.549464,31.032848,6,1
grid56nDr0nDe2,30,12.052632,13.296631,1.260806,5,1
grid61nDr0nDe2,30,3.310777,2.479399,0.311160,5,1
airport5nDr0nDe1,30,1.203008,1.927712,0.209982,4,1
metroplex4nDr0nDe2,30,21.874687,237.160023,15.429431,7,1
grid57nDr0nDe1,30,3.854637,17.431727,0.468531,7,1
airport56nDr0nDe3,30,2.681704,0.646567,0.087951,4,1
grid57nDr0nDe2,30,9.944862,13.328218,6.539282,4,2
metroplex62nDr0nDe3,30,7.200501,21.126183,1.474204,5,1
metroplex60nDr0nDe3,30,20.944862,36.136547,14.267463,4,1
metroplex5nDr0nDe2,30,52.518797,192.839666,58.642112,9,5
airport49nDr0nDe3,30,2.380952,10.603030,1.360651,4,1
grid56nDr0nDe3,30,7.401003,5.953689,4.179698,4,3
metroplex63nDr0nDe2,30,9.689223,20.412186,4.381319,5,1
grid55nDr0nDe1,30,1.343358,35.871952,2.994890,5,1
grid11nDr0nDe2,30,8.899749,19.731696,0.934286,5,1
metroplex64nDr0nDe2,30,5.576441,9.091554,3.994204,4,2
metroplex64nDr0nDe3,30,10.230576,7.897087,1.128583,4,1
grid50nDr0nDe3,30,15.355890,43.434189,2.339518,7,1
metroplex62nDr0nDe2,30,4.952381,29.543255,1.285206,6,1
airport55nDr0nDe2,30,11.413534,9.552397,1.069662,4,1
airport64nDr0nDe3,30,1.979950,2.558369,0.302522,4,1
airport63nDr0nDe2,30,1.781955,3.284815,0.230633,4,1
metroplex62nDr0nDe1,30,5.581454,15.479965,10.772170,4,3
airport62nDr0nDe3,30,2.932331,11.635540,0.699740,4,1
grid24nDr0nDe2,30,0.924812,172.553886,2.797514,7,1
airport64nDr0nDe2,30,1.498747,5.994943,0.523470,4,1
grid16nDr0nDe2,30,4.709273,625.620541,1.848662,21,1
airport5nDr0nDe2,30,1.854637,3.861862,0.220030,4,1
grid63nDr0nDe2,30,5.115288,15.723631,1.201411,6,1
grid5nDr0nDe2,30,4.283208,4.833364,2.075374,4,2
grid60nDr0nDe2,30,4.929825,27.485038,0.981808,6,1
airport62nDr0nDe2,30,1.528822,1.199916,0.174384,4,1
airport60nDr0nDe3,30,0.781955,14.445658,1.198092,4,1
grid62nDr0nDe3,30,4.383459,10.683381,0.850348,5,1
grid25nDr0nDe1,30,3.566416,36.429759,3.517713,5,1
metroplex66nDr0nDe2,30,6.518797,4.563738,2.563187,8,6
grid60nDr0nDe3,30,3.248120,0.850740,0.163316,4,1
grid15nDr0nDe2,30,5.463659,608.630896,5.442760,18,1
metroplex65nDr0nDe3,30,12.596491,16.405839,11.004104,4,3
metroplex68nDr0nDe1,30,3.025063,0.817970,0.171120,4,1
metroplex68nDr0nDe2,30,9.195489,1.013726,0.169125,4,1
airport37nDr0nDe2,30,1.238095,10.840635,1.165642,4,1
airport68nDr0nDe1,30,3.546366,1.330556,0.179550,4,1
airport68nDr0nDe2,30,1.275689,0.652393,0.113507,4,1
airport66nDr0nDe2,30,2.082707,1.792150,0.239583,4,1
metroplex66nDr0nDe1,30,10.177919,9.559516,4.947865,4,2
grid68nDr0nDe1,30,4.927318,0.949144,0.172360,4,1
airport41nDr0nDe3,30,1.962406,3.583104,0.283347,4,1
metroplex68nDr0nDe3,30,7.929825,4.309591,4.269613,4,4
grid24nDr0nDe3,30,5.172932,233.449990,4.298373,8,1
metroplex65nDr0nDe1,30,5.110276,45.720859,3.109053,5,1
metroplex69nDr0nDe1,30,4.120301,2.210627,1.599313,4,3
airport68nDr0nDe3,30,1.751880,0.602726,0.071031,4,1
airport62nDr0nDe1,30,0.726817,1.876619,0.145987,4,1
airport69nDr0nDe1,30,3.203008,1.183405,0.134445,4,1
grid68nDr0nDe3,30,12.225564,1.023282,0.199642,4,1
grid69nDr0nDe1,30,3.022556,1.764998,0.278010,4,1
grid62nDr0nDe1,30,12.280702,1.947623,0.774450,4,2
grid25nDr0nDe2,30,3.182957,604.349754,1.871840,21,1
grid68nDr0nDe2,30,9.624060,7.533568,0.609621,6,1
airport66nDr0nDe1,30,1.654135,1.764902,0.181494,4,1
metroplex69nDr0nDe2,30,16.268170,5.674695,2.789688,4,2
grid41nDr0nDe1,30,2.969925,81.775034,1.189467,6,1
grid5nDr0nDe1,30,3.035088,225.768842,0.517436,9,1
metroplex67nDr0nDe3,30,8.566416,19.477669,13.430316,4,3
grid66nDr0nDe1,30,3.077694,2.573411,0.343743,4,1
grid15nDr0nDe1,30,4.360902,646.134024,4.142203,19,1
airport69nDr0nDe2,30,1.604010,1.161658,0.125636,4,1
metroplex70nDr0nDe1,30,2.972431,8.855236,4.194611,4,2
grid35nDr0nDe3,30,5.338346,117.978850,4.099124,10,1
metroplex6nDr0nDe1,30,3.283208,13.013881,0.909930,5,1
metroplex70nDr0nDe3,30,10.674185,5.948017,2.581767,4,2
metroplex6nDr0nDe2,30,4.070175,12.760703,4.198038,5,2
grid69nDr0nDe2,30,4.210526,13.442501,0.519386,11,1
metroplex6nDr0nDe3,30,5.649123,15.018011,4.996619,5,2
airport65nDr0nDe3,30,2.428571,15.633290,1.499641,4,1
metroplex54nDr0nDe3,30,15.232787,215.614983,64.669361,6,2
metroplex69nDr0nDe3,30,7.270677,24.945786,10.732320,4,2
grid62nDr0nDe2,30,3.992481,12.367779,0.668426,5,1
airport67nDr0nDe3,30,1.904762,10.369388,1.131408,4,1
metroplex70nDr0nDe2,30,12.177945,21.332015,10.267895,4,2
airport6nDr0nDe2,30,2.100251,4.216691,0.389273,4,1
airport70nDr0nDe1,30,0.779449,13.757137,0.813613,4,1
metroplex72nDr0nDe1,30,3.471178,3.684803,0.427281,4,1
grid48nDr0nDe3,30,13.503759,62.477825,2.467525,9,1
airport70nDr0nDe3,30,1.428571,20.747580,1.561961,4,1
metroplex66nDr0nDe3,30,18.268145,19.684140,9.479278,4,2
airport72nDr0nDe1,30,0.832080,2.053903,0.219086,4,1
airport65nDr0nDe1,30,0.952381,17.177684,1.583663,4,1
airport6nDr0nDe1,30,0.982456,19.547934,1.341566,4,1
grid72nDr0nDe1,30,7.443609,1.190429,0.195738,4,1
grid45nDr0nDe1,30,1.112782,126.281094,0.990889,11,1
grid64nDr0nDe2,30,5.536341,12.542487,0.529912,7,1
airport69nDr0nDe3,30,0.962406,9.349189,0.831815,4,1
airport53nDr0nDe1,30,0.333333,10.483778,1.060775,4,1
airport6nDr0nDe3,30,1.629073,18.653487,1.327950,4,1
airport70nDr0nDe2,30,1.824561,6.898335,0.584700,4,1
metroplex72nDr0nDe2,30,10.012531,6.899098,0.969887,4,1
grid45nDr0nDe3,30,6.834586,585.785536,1.324845,21,1
grid66nDr0nDe2,30,8.493734,8.692881,3.596845,4,2
metroplex67nDr0nDe2,30,8.215539,120.373339,2.605262,10,1
metroplex71nDr0nDe1,30,3.318296,35.090491,14.648774,4,2
grid65nDr0nDe3,30,5.050125,25.576359,10.907188,4,2
grid65nDr0nDe1,30,13.979950,10.195754,10.132069,4,4
airport72nDr0nDe2,30,1.223058,4.576191,0.414385,4,1
metroplex5nDr0nDe3,30,11.258145,125.200562,21.748112,4,1
grid54nDr0nDe1,30,7.686717,69.973272,3.297095,5,1
metroplex72nDr0nDe3,30,11.238095,5.280891,2.296484,4,2
grid6nDr0nDe1,30,2.175439,12.976799,0.846151,5,1
airport66nDr0nDe3,30,2.558897,1.569213,0.137126,4,1
metroplex60nDr0nDe1,30,5.162907,45.626763,2.175357,6,1
airport72nDr0nDe3,30,1.619048,10.192180,0.817978,4,1
metroplex65nDr0nDe2,30,13.919503,77.944883,58.325094,5,4
grid66nDr0nDe3,30,10.513784,7.622542,3.405562,4,2
airport71nDr0nDe1,30,0.385965,6.812637,0.992944,4,1
grid6nDr0nDe2,30,2.879699,21.534062,0.983730,6,1
airport46nDr0nDe3,30,1.010025,16.162147,0.947140,4,1
metroplex75nDr0nDe1,30,3.333333,2.297263,1.071550,4,2
metroplex73nDr0nDe1,30,3.984962,25.595997,11.166667,4,2
grid64nDr0nDe3,30,6.258145,41.533399,2.007646,11,1
metroplex74nDr0nDe1,30,3.536341,19.484369,7.995681,4,2
airport75nDr0nDe1,30,2.017544,6.147273,0.587505,4,1
airport67nDr0nDe2,30,1.639098,11.943793,1.137085,4,1
airport63nDr0nDe1,30,1.175439,1.990133,0.259438,4,1
grid75nDr0nDe1,30,2.859649,4.051051,0.583073,4,1
metroplex74nDr0nDe2,30,9.010025,26.133452,20.494546,4,3
grid63nDr0nDe1,30,8.165414,2.194954,0.286033,4,1
airport4nDr0nDe2,30,0.666667,12.621607,1.104638,4,1
metroplex77nDr0nDe1,30,3.796992,0.779653,0.198783,4,1
grid70nDr0nDe1,30,7.621554,170.249390,6.265381,10,2
metroplex77nDr0nDe2,30,6.689223,0.409632,0.095637,4,1
metroplex76nDr0nDe3,30,5.962406,2.626959,1.092317,4,2
airport77nDr0nDe1,30,0.822055,0.809266,0.147153,4,1
metroplex74nDr0nDe3,30,8.456140,36.318877,21.746281,5,3
airport77nDr0nDe2,30,1.561404,2.246263,0.261595,4,1
metroplex76nDr0nDe1,30,3.112782,9.648036,5.800662,5,3
metroplex76nDr0nDe2,30,13.709273,6.507207,3.066629,4,2
grid77nDr0nDe1,30,2.676692,1.224757,0.234561,4,1
airport73nDr0nDe1,30,0.385965,9.960527,1.240013,4,1
grid54nDr0nDe2,30,7.869674,40.966827,1.965450,8,1
airport76nDr0nDe3,30,1.488722,2.177350,0.201373,4,1
grid53nDr0nDe1,30,3.786967,56.503445,10.419454,8,2
airport74nDr0nDe1,30,0.476190,13.558812,1.306593,4,1
grid76nDr0nDe3,30,11.513784,1.418509,0.640722,4,2
airport76nDr0nDe2,30,1.518797,1.499221,0.218142,4,1
airport76nDr0nDe1,30,1.233083,1.335477,0.204939,4,1
grid76nDr0nDe2,30,8.849624,0.767353,0.119287,4,1
metroplex77nDr0nDe3,30,15.436090,9.459448,4.971546,4,2
grid49nDr0nDe2,30,2.619047,693.046019,13.769411,21,1
grid76nDr0nDe1,30,2.869674,9.818313,0.534029,5,1
airport74nDr0nDe2,30,1.390977,9.482931,0.848827,4,1
airport64nDr0nDe1,30,2.939850,7.055478,0.537760,4,1
airport77nDr0nDe3,30,1.962406,4.488168,0.391463,4,1
grid70nDr0nDe3,30,6.438596,17.257207,17.171199,4,4
metroplex78nDr0nDe3,30,14.461153,1.190000,0.555308,7,4
grid77nDr0nDe3,30,9.167920,0.882649,0.193587,4,1
metroplex75nDr0nDe2,30,14.050125,29.225987,19.483571,9,5
airport58nDr0nDe2,30,1.012531,0.715082,0.093631,4,1
grid34nDr0nDe3,30,10.842105,751.228076,3.134743,21,1
airport74nDr0nDe3,30,2.095238,12.272690,1.201657,4,1
grid6nDr0nDe3,30,6.355890,14.673014,10.440501,4,3
airport78nDr0nDe3,30,1.105263,9.695541,1.006963,4,1
airport75nDr0nDe3,30,2.100251,1.761815,0.244886,4,1
grid72nDr0nDe3,30,2.756892,18.337629,1.132432,5,1
airport54nDr0nDe3,30,1.238095,9.201308,0.560239,4,1
airport65nDr0nDe2,30,1.571429,0.948941,0.082602,4,1
metroplex78nDr0nDe1,30,5.829574,40.369676,29.079270,6,4
metroplex7nDr0nDe1,30,8.050125,0.716006,0.142786,4,1
airport7nDr0nDe1,30,0.726817,0.760478,0.125501,4,1
grid7nDr0nDe1,30,8.157895,3.109500,0.458404,4,1
grid73nDr0nDe1,30,1.661654,19.741643,2.272376,4,1
airport75nDr0nDe2,30,1.433584,1.718552,0.240048,4,1
metroplex7nDr0nDe2,30,6.571429,0.702007,0.159118,4,1
airport7nDr0nDe2,30,1.203008,1.045969,0.121966,4,1
airport5nDr0nDe3,30,2.067669,6.665336,0.565429,4,1
grid7nDr0nDe2,30,10.644110,2.713318,1.214250,4,2
airport53nDr0nDe2,30,1.142857,13.616399,0.751777,4,1
metroplex81nDr0nDe1,30,5.696742,1.740921,0.334222,4,1
metroplex67nDr0nDe1,30,32.413534,140.164760,69.756531,6,4
grid37nDr0nDe2,30,1.571429,22.821198,2.300259,4,1
grid53nDr0nDe2,30,5.365915,2.763315,0.436125,4,1
grid55nDr0nDe3,30,1.942356,88.342978,3.348521,10,1
metroplex73nDr0nDe2,30,9.944862,73.940224,36.461080,4,2
grid41nDr0nDe2,30,11.769424,81.512012,2.991250,5,1
grid49nDr0nDe3,30,2.516291,680.236273,2.591227,21,1
metroplex81nDr0nDe2,30,8.877193,1.892652,0.890055,4,2
grid58nDr0nDe2,30,7.340852,14.062055,0.781746,5,1
metroplex81nDr0nDe3,30,10.075188,1.768296,0.822071,4,2
airport81nDr0nDe1,30,0.095238,8.547960,1.045483,4,1
airport81nDr0nDe3,30,1.265664,0.760138,0.129325,4,1
metroplex79nDr0nDe1,30,3.824561,50.657892,28.897879,6,3
airport60nDr0nDe1,30,1.518797,7.372334,0.443579,4,1
grid81nDr0nDe3,30,13.135338,0.946742,0.207838,4,1
grid70nDr0nDe2,30,2.834586,638.098446,1.562926,21,1
grid72nDr0nDe2,30,8.463659,22.291467,4.468925,6,2
metroplex71nDr0nDe2,30,17.716495,328.857479,76.846628,10,3
airport78nDr0nDe1,30,0.333333,9.877477,0.865037,4,1
grid50nDr0nDe1,30,9.694236,287.084875,2.691626,9,1
airport81nDr0nDe2,30,0.972431,8.562383,0.732992,4,1
metroplex80nDr0nDe1,30,4.077694,19.025779,2.487201,4,1
grid75nDr0nDe2,30,9.350877,37.342308,0.972126,9,1
grid81nDr0nDe2,30,12.994987,2.359635,1.078335,4,2
metroplex80nDr0nDe2,30,6.263158,37.650372,10.703235,5,2
metroplex82nDr0nDe1,30,11.002506,16.911739,9.889419,5,3
grid81nDr0nDe1,30,6.686717,21.380845,2.862060,4,1
grid77nDr0nDe2,30,5.791980,11.807277,0.884750,5,1
grid60nDr0nDe1,30,7.313283,24.508738,10.294367,4,2
grid46nDr0nDe3,30,9.175439,30.514359,1.374124,7,1
airport80nDr0nDe1,30,0.385965,8.434227,0.583081,4,1
airport80nDr0nDe2,30,1.761905,9.530764,1.067310,4,1
airport82nDr0nDe1,30,0.333333,10.153198,0.850105,4,1
metroplex82nDr0nDe2,30,16.664160,36.341678,15.133907,5,2
metroplex82nDr0nDe3,30,14.353383,41.191183,24.220002,4,2
metroplex80nDr0nDe3,30,19.305739,62.115438,33.191729,5,3
metroplex85nDr0nDe3,30,10.147574,1.142740,0.246247,4,1
grid55nDr0nDe2,30,1.656642,47.447855,2.537173,6,1
airport79nDr0nDe1,30,0.516291,16.940119,1.103818,4,1
metroplex79nDr0nDe2,30,13.992481,129.812974,24.430939,7,2
grid74nDr0nDe3,30,6.701754,19.994003,1.746735,5,1
metroplex86nDr0nDe1,30,5.952381,6.352172,2.732397,4,2
airport85nDr0nDe3,30,3.380952,17.506162,2.760620,4,1
metroplex71nDr0nDe3,30,12.368421,116.992115,27.119287,6,1
airport82nDr0nDe3,30,1.909774,2.331025,0.255590,4,1
metroplex85nDr0nDe1,30,2.641604,32.958314,13.109824,4,2
metroplex86nDr0nDe3,30,15.140351,0.705062,0.151233,4,1
airport86nDr0nDe1,30,0.927318,5.111979,0.395274,4,1
grid4nDr0nDe3,30,3.671679,26.946981,0.962926,5,1
grid85nDr0nDe3,30,12.796992,2.152840,0.225281,7,1
airport82nDr0nDe2,30,1.749373,7.812444,0.520679,4,1
metroplex84nDr0nDe1,30,4.892231,34.723127,2.274424,5,1
metroplex85nDr0nDe2,30,7.426065,40.726603,16.121217,6,3
metroplex87nDr0nDe1,30,8.641604,2.618837,0.400100,4,1
airport86nDr0nDe3,30,1.593985,7.912142,0.690216,4,1
metroplex86nDr0nDe2,30,9.283182,17.540054,1.788057,5,1
grid79nDr0nDe1,30,3.238095,22.906122,0.956560,6,1
airport73nDr0nDe2,30,2.047619,10.665576,1.256533,4,1
metroplex73nDr0nDe3,30,11.556391,133.174769,97.208175,4,3
airport80nDr0nDe3,30,2.238095,9.080876,1.321907,4,1
airport87nDr0nDe1,30,1.203008,9.343693,0.590932,4,1
metroplex7nDr0nDe3,30,8.390977,196.424607,2.342894,9,1
metroplex84nDr0nDe2,30,6.416040,48.718273,2.382271,5,1
metroplex83nDr0nDe1,30,4.832080,25.849539,2.337832,5,1
metroplex87nDr0nDe2,30,10.992481,10.974427,4.168753,4,2
airport67nDr0nDe1,30,1.809524,11.282443,1.319363,4,1
metroplex87nDr0nDe3,30,13.373434,18.757277,8.256119,4,2
airport86nDr0nDe2,30,1.413534,4.269174,0.420742,4,1
airport85nDr0nDe1,30,1.857143,14.343703,6.259878,4,2
grid74nDr0nDe1,30,3.506266,120.442185,6.044749,11,2
metroplex78nDr0nDe2,30,7.932331,38.243395,26.282068,6,4
grid86nDr0nDe2,30,2.754386,2.747304,0.184200,5,1
airport71nDr0nDe2,30,1.160401,6.284135,0.388010,4,1
airport85nDr0nDe2,30,3.285714,15.621117,1.476537,4,1
airport87nDr0nDe2,30,2.548872,14.113558,0.864293,4,1
airport84nDr0nDe1,30,1.541353,10.585356,0.926279,4,1
grid54nDr0nDe3,30,13.593985,71.749510,1.722445,7,1
metroplex88nDr0nDe2,30,5.027569,20.505082,9.504909,4,2
grid87nDr0nDe1,30,13.754386,12.464333,1.195463,5,1
airport84nDr0nDe2,30,1.656642,9.350424,0.559398,4,1
airport87nDr0nDe3,30,1.115288,18.747707,1.268303,4,1
grid71nDr0nDe2,30,3.724310,17.342547,10.623199,4,3
airport83nDr0nDe1,30,0.571429,11.155240,1.158447,4,1
metroplex88nDr0nDe1,30,6.177945,38.116333,23.389709,5,3
metroplex83nDr0nDe3,30,5.824561,43.242427,2.435125,5,1
airport7nDr0nDe3,30,2.015038,4.358610,0.315705,4,1
metroplex89nDr0nDe2,30,3.546366,21.230105,8.152819,4,2
metroplex89nDr0nDe3,30,4.070175,23.644367,9.061471,4,2
metroplex89nDr0nDe1,30,6.243108,30.771453,2.082548,5,1
grid87nDr0nDe2,30,11.228070,33.091789,7.444832,7,2
grid7nDr0nDe3,30,5.877193,1.177163,0.219527,4,1
grid69nDr0nDe3,30,6.644110,50.138920,35.279203,7,5
airport88nDr0nDe2,30,0.714286,13.511579,0.914361,4,1
grid64nDr0nDe1,30,2.604010,262.413342,0.893170,10,1
metroplex8nDr0nDe1,30,3.681704,21.350477,10.447461,4,2
airport79nDr0nDe2,30,2.448622,16.649551,1.108225,4,1
grid41nDr0nDe3,30,15.536341,555.043898,4.673724,20,1
grid73nDr0nDe2,30,1.416040,22.894561,9.590788,4,2
grid67nDr0nDe1,30,13.676692,19.141820,8.872635,4,2
airport90nDr0nDe1,30,1.360902,2.293810,0.297282,4,1
airport8nDr0nDe3,30,2.471178,10.655964,0.563708,4,1
airport8nDr0nDe2,30,0.591479,9.754607,1.038049,4,1
metroplex90nDr0nDe1,30,8.586466,22.930416,17.499277,4,3
airport88nDr0nDe1,30,1.729323,11.509095,0.613503,4,1
metroplex84nDr0nDe3,30,11.355890,80.593754,4.723323,5,1
airport8nDr0nDe1,30,0.438596,10.755578,0.888429,4,1
metroplex92nDr0nDe1,30,43.912281,2.390329,1.265510,6,4
metroplex91nDr0nDe2,30,3.979950,25.409004,16.387939,4,3
grid71nDr0nDe1,30,3.265664,636.520279,1.561459,21,1
grid79nDr0nDe2,30,1.864662,20.872177,8.284337,4,2
grid75nDr0nDe3,30,17.626566,50.718915,4.002693,9,1
airport91nDr0nDe1,30,1.095238,7.326978,0.362492,4,1
airport93nDr0nDe1,30,0.390977,9.698837,0.764452,4,1
grid78nDr0nDe3,30,8.365915,23.707928,4.701922,5,1
airport83nDr0nDe3,30,1.699248,4.062198,0.361546,4,1
metroplex92nDr0nDe2,30,6.631579,3.040731,1.459471,4,2
grid90nDr0nDe1,30,6.403509,3.201581,2.150161,4,3
airport92nDr0nDe2,30,1.781955,1.924610,0.240712,4,1
grid92nDr0nDe1,30,1.395990,6.129892,0.337729,9,1
metroplex92nDr0nDe3,30,13.037594,6.865807,2.989370,4,2
airport93nDr0nDe2,30,0.666667,12.321465,0.905261,4,1
metroplex90nDr0nDe2,30,14.947368,60.913037,2.223117,6,1
grid67nDr0nDe2,30,6.330827,29.869904,2.199219,5,1
metroplex83nDr0nDe2,30,4.929825,56.998206,2.419658,5,1
airport73nDr0nDe3,30,1.523810,9.334534,0.854315,4,1
airport93nDr0nDe3,30,1.142857,11.293618,0.721037,4,1
grid92nDr0nDe2,30,7.749373,4.845114,0.618958,5,1
metroplex93nDr0nDe1,30,5.285714,25.481825,2.118195,4,1
airport71nDr0nDe3,30,2.714286,3.352262,0.314561,4,1
grid92nDr0nDe3,30,8.315789,1.784894,0.310961,4,1
metroplex95nDr0nDe2,30,4.155388,0.911696,0.153420,4,1
metroplex94nDr0nDe1,30,10.250627,26.639486,26.532371,4,4
metroplex93nDr0nDe3,30,6.135338,30.536597,22.396698,4,3
grid67nDr0nDe3,30,4.726817,239.177602,1.652198,11,1
metroplex95nDr0nDe1,30,5.721779,6.175174,2.488483,4,2
airport94nDr0nDe1,30,0.726817,5.731386,0.463426,4,1
metroplex95nDr0nDe3,30,8.090226,0.507695,0.139584,4,1
airport96nDr0nDe2,30,2.824561,9.484087,0.966365,4,1
airport96nDr0nDe3,30,1.541353,3.676475,0.358143,4,1
airport88nDr0nDe3,30,2.000000,14.410986,1.282237,4,1
airport78nDr0nDe2,30,2.142857,11.764982,5.277049,4,2
airport95nDr0nDe1,30,0.822055,2.325283,0.324333,4,1
airport96nDr0nDe1,30,0.476190,9.743739,1.075326,4,1
metroplex94nDr0nDe2,30,5.210526,31.600772,14.150639,4,2
grid89nDr0nDe3,30,13.223058,119.258183,19.637357,5,1
airport94nDr0nDe3,30,1.488722,4.842683,0.462207,4,1
airport91nDr0nDe2,30,0.476190,10.418296,0.902333,4,1
airport84nDr0nDe3,30,1.095238,10.985846,1.225932,4,1
metroplex96nDr0nDe1,30,4.225564,21.044210,10.526272,4,2
airport95nDr0nDe2,30,1.012531,2.722878,0.262299,4,1
metroplex8nDr0nDe3,30,6.203008,34.640864,2.267985,5,1
grid80nDr0nDe3,30,1.634085,40.194733,2.913110,6,1
grid95nDr0nDe1,30,2.766917,8.419616,0.640145,6,1
grid5nDr0nDe3,30,5.022556,30.280021,1.873184,5,1
grid88nDr0nDe1,30,1.771930,34.718455,1.542634,6,1
grid74nDr0nDe2,30,5.521303,489.390560,7.013700,17,2
grid86nDr0nDe3,30,16.912281,237.696978,1.591293,11,1
airport97nDr0nDe1,30,1.385965,10.798047,0.628647,4,1
grid80nDr0nDe1,30,3.766917,36.220944,1.761713,7,1
grid84nDr0nDe2,30,4.095238,154.329400,1.810772,9,1
metroplex96nDr0nDe2,30,6.498721,61.357352,1.914792,7,1
grid95nDr0nDe2,30,4.461153,7.063098,0.556700,4,1
grid82nDr0nDe2,30,12.822055,36.655494,2.520244,7,1
metroplex98nDr0nDe1,30,3.837093,7.399460,0.996431,4,1
metroplex93nDr0nDe2,30,83.897243,299.260476,32.508138,10,3
airport83nDr0nDe2,30,7.070175,11.019130,1.448793,4,1
grid80nDr0nDe2,30,17.110276,110.237801,8.576582,9,1
metroplex90nDr0nDe3,30,10.704261,66.165480,48.785828,5,3
metroplex94nDr0nDe3,30,9.318296,102.956103,53.702009,4,2
metroplex97nDr0nDe1,30,4.586466,34.392318,1.671641,5,1
metroplex97nDr0nDe3,30,11.786967,16.254257,7.315753,4,2
grid78nDr0nDe1,30,4.972431,450.969732,2.123958,18,1
metroplex96nDr0nDe3,30,7.954887,50.330206,19.700661,7,3
airport79nDr0nDe3,30,2.333333,16.093165,1.033940,4,1
grid85nDr0nDe1,30,4.152882,609.477308,2.787483,21,1
airport99nDr0nDe1,30,0.095238,9.125624,0.822581,4,1
grid86nDr0nDe1,30,4.491228,94.288187,1.451149,10,1
airport98nDr0nDe3,30,1.488722,4.957990,0.486291,4,1
metroplex8nDr0nDe2,30,10.070175,38.920867,2.040631,5,1
grid87nDr0nDe3,30,14.463659,19.004192,7.406235,4,2
grid82nDr0nDe1,30,11.536341,24.510868,1.083718,5,1
metroplex99nDr0nDe1,30,3.834586,1.538669,0.317961,4,1
grid84nDr0nDe3,30,8.892231,101.871560,2.096001,10,1
airport97nDr0nDe2,30,0.714286,13.415063,1.039825,4,1
grid84nDr0nDe1,30,4.654135,51.316651,1.979673,7,1
airport98nDr0nDe1,30,1.190476,5.447073,0.558715,4,1
metroplex98nDr0nDe2,30,8.721805,23.705989,10.732301,4,2
metroplex99nDr0nDe2,30,11.290727,1.240096,0.635459,7,4
metroplex99nDr0nDe3,30,11.909774,0.952924,0.560086,7,4
grid95nDr0nDe3,30,13.546366,6.886618,2.879379,4,2
metroplex98nDr0nDe3,30,17.719298,18.475710,2.438110,4,1
airport97nDr0nDe3,30,1.095238,12.789846,0.972529,4,1
grid96nDr0nDe1,30,1.358396,70.900219,1.079142,15,1
airport99nDr0nDe2,30,1.834586,0.899503,0.141116,4,1
airport9nDr0nDe1,30,0.952381,19.836595,2.129137,4,1
grid88nDr0nDe2,30,4.834586,64.135287,3.907351,8,1
airport9nDr0nDe2,30,1.333333,15.840709,1.513415,4,1
airport9nDr0nDe3,30,1.523810,15.309285,1.388077,4,1
grid97nDr0nDe1,30,2.438596,15.309572,5.905748,4,2
metroplex97nDr0nDe2,30,9.446115,131.964183,39.699448,10,4
grid4nDr0nDe2,30,0.791980,682.634375,1.446063,21,1
metroplex91nDr0nDe1,30,18.751880,323.029945,30.618881,9,1
airport99nDr0nDe3,30,1.285714,8.815051,1.191208,4,1
grid99nDr0nDe2,30,3.040100,0.949566,0.210371,4,1
grid91nDr0nDe2,30,4.894737,20.296719,2.995363,4,1
grid98nDr0nDe2,30,8.155388,16.826469,5.661811,4,2
grid99nDr0nDe3,30,3.325815,0.936882,0.192898,4,1
metroplex9nDr0nDe1,30,11.140351,18.365975,6.165796,4,2
airport95nDr0nDe3,30,1.488722,2.109997,0.274757,4,1
grid96nDr0nDe2,30,1.591479,28.006555,1.003236,5,1
grid78nDr0nDe2,30,6.802005,56.813010,3.330319,6,1
grid65nDr0nDe2,30,10.601504,159.147804,1.890684,14,1
grid97nDr0nDe3,30,11.807018,18.622524,2.286742,4,1
airport90nDr0nDe3,30,1.814536,2.065177,0.261926,4,1
metroplex9nDr0nDe2,30,7.884712,19.904515,2.000574,4,1
grid9nDr0nDe1,30,3.481203,5.655273,0.596639,4,1
grid73nDr0nDe3,30,2.300752,34.435978,1.801770,6,1
metroplex9nDr0nDe3,30,15.140351,26.250955,9.687228,4,2
grid90nDr0nDe2,30,3.087719,9.484886,0.961390,4,1
grid93nDr0nDe3,30,15.025063,38.312096,3.511808,5,1
airport63nDr0nDe3,30,1.488722,1.701291,0.232845,4,1
airport91nDr0nDe3,30,1.904762,10.405132,1.130484,4,1
airport98nDr0nDe2,30,1.380952,10.991978,0.691616,4,1
grid63nDr0nDe3,30,20.456140,7.371508,0.766660,5,1
airport94nDr0nDe2,30,0.809524,11.518866,0.761547,4,1
grid90nDr0nDe3,30,17.573935,8.017576,3.534729,4,2
grid83nDr0nDe1,30,4.408521,32.479382,3.766903,5,1
grid97nDr0nDe2,30,11.045113,16.463379,7.470562,4,2
grid85nDr0nDe2,30,6.310777,720.826396,3.303315,21,1
grid83nDr0nDe3,30,5.864662,215.259788,2.438669,9,1
grid8nDr0nDe1,30,3.406015,327.162763,1.374335,19,1
airport90nDr0nDe2,30,1.551378,2.052751,0.228865,4,1
grid98nDr0nDe1,30,5.982456,17.184718,1.080339,5,1
grid79nDr0nDe3,30,7.260652,21.120110,1.702112,5,1
grid94nDr0nDe1,30,2.408521,16.226941,1.100033,4,1
airport92nDr0nDe1,30,3.140351,5.392729,0.460250,4,1
metroplex91nDr0nDe3,30,15.355890,170.033054,30.576732,5,1
grid93nDr0nDe1,30,1.781955,77.978706,12.906845,9,3
grid94nDr0nDe2,30,3.112782,13.855042,1.404871,4,1
grid88nDr0nDe3,30,7.177945,92.462274,3.784666,10,1
grid96nDr0nDe3,30,1.741855,513.391403,1.483712,21,1
grid89nDr0nDe2,30,6.947368,220.028793,1.409324,10,1
grid71nDr0nDe3,30,10.408521,575.920514,4.056419,21,1
grid82nDr0nDe3,30,13.192982,570.741878,3.598000,21,1
grid8nDr0nDe2,30,7.132832,60.147284,0.923016,6,1
grid99nDr0nDe1,30,9.323308,278.415909,1.405075,21,1
grid83nDr0nDe2,30,9.152882,515.365030,1.752652,21,1
grid98nDr0nDe3,30,14.431078,247.941220,0.969676,13,1
grid91nDr0nDe1,30,0.819549,13.964618,1.606046,4,1
grid89nDr0nDe1,30,12.486216,431.203922,2.509838,21,1
grid9nDr0nDe2,30,5.679198,25.536483,1.367856,5,1
airport92nDr0nDe3,30,2.067669,0.937273,0.114087,4,1
grid8nDr0nDe3,30,8.711779,115.582609,1.389391,12,1
grid94nDr0nDe3,30,3.398496,17.738512,1.031771,5,1
grid93nDr0nDe2,30,2.721805,622.543863,1.159510,21,1
grid91nDr0nDe3,30,5.368421,10.808629,1.206326,4,1
grid9nDr0nDe3,30,5.283208,420.634478,1.743983,15,1
