metroplex19nDr0nDe2,30,4.157895,0.538394,0.116261,4,1
metroplex23nDr0nDe2,30,11.130326,0.573227,0.139327,4,1
metroplex14nDr0nDe2,30,5.694236,0.675491,0.136818,4,1
metroplex10nDr0nDe2,30,4.944836,0.662794,0.156181,4,1
metroplex13nDr0nDe1,30,11.055138,0.753705,0.374242,4,2
metroplex17nDr0nDe3,30,59.629073,1.166801,0.589844,5,3
metroplex20nDr0nDe1,30,3.310777,1.118305,0.241461,4,1
metroplex19nDr0nDe3,30,4.220551,1.677640,0.259877,4,1
metroplex17nDr0nDe2,30,4.421053,2.149170,0.329171,4,1
metroplex13nDr0nDe2,30,38.388471,3.221223,1.980943,6,4
metroplex20nDr0nDe2,30,12.531328,2.970585,0.387321,4,1
metroplex1nDr0nDe3,30,10.112782,2.518633,0.922981,4,2
metroplex27nDr0nDe3,30,9.205514,3.304906,0.468859,4,1
metroplex27nDr0nDe1,30,3.954887,3.355221,1.465572,4,2
metroplex13nDr0nDe3,30,7.674185,3.726451,1.678948,4,2
metroplex12nDr0nDe3,30,10.892231,3.255841,1.767406,8,5
metroplex1nDr0nDe1,30,11.250627,3.556244,1.556740,4,2
metroplex22nDr0nDe3,30,14.957393,4.031700,2.145918,5,3
metroplex20nDr0nDe3,30,9.917293,5.189508,3.675996,5,4
metroplex27nDr0nDe2,30,6.117794,5.925518,1.687154,6,2
metroplex0nDr0nDe1,30,3.298246,4.640255,3.398993,4,3
metroplex11nDr0nDe1,30,9.746867,2.557679,0.690730,5,2
metroplex12nDr0nDe2,30,8.894737,6.297861,0.574804,6,1
metroplex22nDr0nDe1,30,4.476190,5.495088,1.907892,4,2
metroplex17nDr0nDe1,30,2.904762,6.410702,0.539723,4,1
airport23nDr0nDe2,30,1.466165,1.258323,0.155959,4,1
metroplex14nDr0nDe3,30,9.300752,5.072671,0.719605,4,1
airport14nDr0nDe2,30,1.518797,1.023835,0.086062,4,1
airport13nDr0nDe1,30,1.305764,0.736707,0.119344,4,1
metroplex0nDr0nDe2,30,11.822055,5.507886,4.056424,4,3
metroplex12nDr0nDe1,30,7.225564,5.683268,2.448251,9,5
metroplex18nDr0nDe1,30,5.147870,5.922687,2.439898,4,2
metroplex22nDr0nDe2,30,4.661654,6.497485,0.561503,5,1
metroplex26nDr0nDe1,30,2.488722,7.174739,5.078651,4,3
airport17nDr0nDe3,30,3.822055,0.742188,0.124145,4,1
metroplex26nDr0nDe2,30,14.857143,9.544816,9.484890,4,4
airport20nDr0nDe1,30,3.378446,0.856674,0.109566,4,1
grid13nDr0nDe1,30,5.932331,1.920007,1.893179,4,4
airport19nDr0nDe3,30,1.646617,0.565310,0.120106,4,1
metroplex26nDr0nDe3,30,6.521303,12.376964,5.369464,4,2
grid14nDr0nDe2,30,2.842105,0.701049,0.155475,4,1
airport19nDr0nDe2,30,2.120301,8.115771,0.502602,4,1
grid17nDr0nDe3,30,7.912281,1.638830,0.242229,4,1
metroplex21nDr0nDe1,30,1.887218,15.015627,1.591239,4,1
airport10nDr0nDe2,30,1.115288,10.554470,0.585656,4,1
airport17nDr0nDe2,30,1.476190,2.340576,0.279311,4,1
grid20nDr0nDe1,30,3.375940,1.677971,0.175311,5,1
metroplex11nDr0nDe2,30,11.117794,23.302127,2.113164,7,2
airport20nDr0nDe2,30,3.568922,0.831696,0.116657,4,1
metroplex15nDr0nDe3,30,7.957393,20.858930,8.604926,4,2
grid19nDr0nDe3,30,7.511278,3.091760,0.309433,5,1
metroplex15nDr0nDe2,30,6.982456,22.733276,15.331419,4,3
metroplex25nDr0nDe2,30,9.150376,18.596179,8.145518,4,2
metroplex19nDr0nDe1,30,4.315789,22.042055,1.042458,7,1
metroplex16nDr0nDe3,30,8.894737,21.074757,9.559702,4,2
airport27nDr0nDe3,30,2.754386,2.044416,0.226060,4,1
airport27nDr0nDe1,30,1.075188,1.106920,0.135874,4,1
metroplex18nDr0nDe3,30,12.428571,33.219603,3.015651,5,1
metroplex11nDr0nDe3,30,12.082707,43.532852,35.325322,11,9
metroplex16nDr0nDe1,30,12.100251,24.400878,15.859453,5,3
airport13nDr0nDe2,30,3.832080,2.692151,0.271191,4,1
metroplex1nDr0nDe2,30,21.367829,36.318729,4.292234,4,1
airport1nDr0nDe1,30,0.979950,1.022325,0.139723,4,1
airport1nDr0nDe3,30,2.278195,7.668862,0.495711,4,1
grid20nDr0nDe2,30,10.180451,4.310476,0.443460,6,1
metroplex14nDr0nDe1,30,1.631579,27.322634,2.145203,5,1
metroplex28nDr0nDe1,30,5.180451,12.352657,12.305122,4,4
metroplex29nDr0nDe1,30,3.090226,2.659469,1.262806,4,2
airport22nDr0nDe3,30,1.593985,3.015302,0.157098,4,1
airport0nDr0nDe1,30,1.075188,0.922444,0.117557,4,1
metroplex28nDr0nDe3,30,13.598997,6.340297,3.217907,4,2
grid17nDr0nDe2,30,6.481203,2.130210,0.291352,4,1
grid27nDr0nDe1,30,3.769424,3.602351,1.577990,4,2
metroplex18nDr0nDe2,30,17.140351,39.139953,29.606340,4,3
airport27nDr0nDe2,30,1.902256,5.259425,0.407653,4,1
airport17nDr0nDe1,30,1.200501,0.732081,0.101142,4,1
airport13nDr0nDe3,30,3.000000,13.001756,1.373624,4,1
metroplex24nDr0nDe3,30,11.832080,38.210095,38.094935,4,4
airport22nDr0nDe1,30,1.270677,2.111852,0.208518,4,1
grid13nDr0nDe2,30,6.686717,1.978192,0.288555,4,1
metroplex23nDr0nDe1,30,9.751880,54.930281,26.634701,4,2
grid0nDr0nDe1,30,3.498747,6.887557,0.428177,4,1
metroplex24nDr0nDe1,30,3.333333,66.967007,4.035758,8,1
metroplex28nDr0nDe2,30,10.578947,17.799069,8.091367,4,2
airport12nDr0nDe3,30,2.157895,6.859218,0.416089,4,1
metroplex15nDr0nDe1,30,8.754386,45.644236,18.058951,4,2
airport12nDr0nDe2,30,1.471178,5.089067,0.340148,4,1
metroplex29nDr0nDe2,30,4.037594,2.980854,0.441111,4,1
airport29nDr0nDe1,30,1.295739,1.085524,0.146688,4,1
grid17nDr0nDe1,30,3.042607,5.960905,0.384809,5,1
metroplex24nDr0nDe2,30,6.972431,41.775975,13.923449,5,2
airport18nDr0nDe1,30,1.548872,0.604940,0.113453,4,1
metroplex21nDr0nDe3,30,16.754386,21.378765,9.215407,4,2
grid22nDr0nDe3,30,4.969925,2.958546,1.565589,4,2
metroplex23nDr0nDe3,30,12.139759,54.581856,29.123849,4,2
grid1nDr0nDe1,30,9.245614,10.248360,0.799968,6,1
airport12nDr0nDe1,30,0.884712,3.674017,0.297855,4,1
grid22nDr0nDe1,30,3.466165,2.392038,1.015075,4,2
metroplex2nDr0nDe2,30,4.774436,1.678758,0.770669,4,2
airport22nDr0nDe2,30,1.581454,0.778364,0.137861,4,1
airport0nDr0nDe2,30,1.433584,9.484645,0.426285,4,1
grid29nDr0nDe1,30,2.543860,1.684316,0.261018,4,1
metroplex25nDr0nDe3,30,10.769424,69.722924,2.544117,6,1
metroplex29nDr0nDe3,30,10.070175,9.811679,5.171241,5,3
grid18nDr0nDe1,30,4.441103,6.499546,2.627750,4,2
airport14nDr0nDe3,30,2.904762,18.978225,1.277446,4,1
airport2nDr0nDe1,30,2.017544,4.929042,0.294967,4,1
airport26nDr0nDe1,30,0.964912,11.148804,0.652351,4,1
metroplex2nDr0nDe3,30,20.092732,19.634215,11.168357,4,2
grid27nDr0nDe3,30,12.741855,12.995021,0.826248,6,1
grid22nDr0nDe2,30,14.213033,6.247788,0.657439,5,1
airport2nDr0nDe2,30,1.972431,4.254597,0.413407,4,1
airport26nDr0nDe2,30,1.380952,3.633044,0.372944,4,1
metroplex30nDr0nDe2,30,7.155388,1.982247,0.295490,4,1
airport29nDr0nDe2,30,1.223058,0.753475,0.074234,4,1
airport30nDr0nDe1,30,0.822055,0.671593,0.082795,4,1
grid19nDr0nDe2,30,9.250627,9.846951,0.743074,5,1
grid27nDr0nDe2,30,6.596491,5.257581,0.708047,4,1
metroplex30nDr0nDe3,30,9.791980,5.269462,0.412747,5,1
grid29nDr0nDe2,30,5.017544,3.439095,0.425092,4,1
airport28nDr0nDe3,30,3.501253,5.511065,0.414449,4,1
grid30nDr0nDe1,30,5.611529,5.078593,2.175938,4,2
airport30nDr0nDe2,30,1.393484,0.510705,0.096487,4,1
metroplex0nDr0nDe3,30,13.388471,120.610143,102.839453,7,5
metroplex31nDr0nDe1,30,8.749373,1.528795,0.726954,4,2
grid12nDr0nDe1,30,3.288221,6.200950,0.471465,5,1
airport26nDr0nDe3,30,2.568922,0.681674,0.079068,4,1
grid12nDr0nDe2,30,9.578947,5.047344,3.044460,4,3
metroplex10nDr0nDe1,30,8.330827,78.029462,74.408116,6,5
grid10nDr0nDe2,30,5.453634,16.817305,6.216402,4,2
grid12nDr0nDe3,30,3.020050,6.534953,2.805452,4,2
metroplex31nDr0nDe2,30,13.802005,4.125104,0.650759,5,1
metroplex31nDr0nDe3,30,7.385965,0.572904,0.126458,4,1
grid30nDr0nDe2,30,2.551378,4.202670,0.468683,5,1
airport11nDr0nDe1,30,1.295739,8.991044,0.666564,4,1
grid2nDr0nDe1,30,2.714286,3.968076,0.323018,5,1
grid26nDr0nDe3,30,5.756892,6.310578,0.589114,4,1
airport31nDr0nDe3,30,6.736842,2.285134,0.158721,4,1
airport31nDr0nDe1,30,1.107769,4.258755,0.390634,4,1
metroplex32nDr0nDe1,30,5.576441,0.581636,0.133627,4,1
airport30nDr0nDe3,30,1.909774,1.315849,0.199593,4,1
metroplex10nDr0nDe3,30,7.711779,29.842023,2.276665,5,1
airport32nDr0nDe1,30,0.822055,0.707151,0.142522,4,1
metroplex32nDr0nDe2,30,2.907268,3.313211,0.704732,5,2
metroplex32nDr0nDe3,30,9.541353,3.176411,2.170322,4,3
grid13nDr0nDe3,30,8.553885,2.619885,0.343915,4,1
grid30nDr0nDe3,30,5.380952,0.740858,0.162387,4,1
metroplex21nDr0nDe2,30,16.508772,143.111511,9.473122,5,1
grid32nDr0nDe1,30,3.556391,4.601055,0.449169,4,1
airport21nDr0nDe1,30,0.476190,11.858499,0.861238,4,1
airport28nDr0nDe1,30,8.949875,11.148235,0.788835,4,1
metroplex25nDr0nDe1,30,6.007519,29.259717,2.516075,6,2
grid23nDr0nDe2,30,3.972431,20.848725,1.453758,6,1
grid31nDr0nDe1,30,3.942356,0.718241,0.115329,4,1
metroplex33nDr0nDe3,30,12.422967,2.924631,1.289180,4,2
grid2nDr0nDe2,30,17.438596,16.873259,0.828047,6,1
airport29nDr0nDe3,30,1.699248,0.922456,0.107477,4,1
airport31nDr0nDe2,30,1.393484,4.107330,0.454056,4,1
metroplex33nDr0nDe1,30,1.997494,16.716188,1.424044,6,1
airport32nDr0nDe3,30,1.593985,0.607604,0.079148,4,1
metroplex33nDr0nDe2,30,5.285714,13.149357,0.923997,5,1
metroplex16nDr0nDe2,30,24.022556,118.962456,63.525486,4,2
grid32nDr0nDe3,30,9.546366,1.798785,0.239584,5,1
grid31nDr0nDe3,30,7.100251,165.909996,5.262677,13,3
grid0nDr0nDe2,30,2.982456,11.459397,0.908630,4,1
airport33nDr0nDe3,30,2.796992,1.150839,0.099687,4,1
grid11nDr0nDe1,30,2.832080,6.884604,0.334555,5,1
airport2nDr0nDe3,30,1.107769,0.450592,0.089897,4,1
grid1nDr0nDe3,30,4.305764,154.366386,0.647421,8,1
airport19nDr0nDe1,30,1.032581,2.345705,0.215790,4,1
airport16nDr0nDe3,30,1.909774,3.539865,0.414937,4,1
airport25nDr0nDe2,30,6.780581,11.786663,5.284770,4,2
airport15nDr0nDe3,30,1.761905,12.402957,1.133071,4,1
grid31nDr0nDe2,30,9.676692,1.871452,0.774331,4,2
metroplex35nDr0nDe1,30,2.448622,25.014889,19.355365,5,4
metroplex36nDr0nDe1,30,2.759398,6.195605,2.911443,6,3
metroplex36nDr0nDe2,30,6.315789,5.520217,0.985336,4,1
grid33nDr0nDe3,30,15.250627,4.445062,2.004840,4,2
airport15nDr0nDe2,30,1.476190,16.130695,1.518448,4,1
grid2nDr0nDe3,30,10.355890,7.164644,0.536228,4,1
grid26nDr0nDe1,30,3.556391,89.056599,0.506530,13,1
metroplex35nDr0nDe2,30,7.706471,25.125972,9.045300,5,2
metroplex36nDr0nDe3,30,7.601504,7.734305,4.391236,5,3
airport18nDr0nDe3,30,5.583960,1.490765,0.176594,4,1
grid19nDr0nDe1,30,5.674185,9.484745,0.922958,5,1
airport1nDr0nDe2,30,1.476190,5.208658,0.477744,4,1
airport36nDr0nDe2,30,1.508772,3.177802,0.341260,4,1
airport36nDr0nDe1,30,3.939850,7.225585,2.639935,4,2
grid26nDr0nDe2,30,3.591479,560.790563,0.662300,21,1
airport28nDr0nDe2,30,1.909774,9.237347,0.811750,4,1
airport16nDr0nDe1,30,0.285714,8.376913,0.857215,4,1
metroplex34nDr0nDe1,30,16.197995,181.755542,10.836055,6,1
metroplex38nDr0nDe1,30,7.944862,7.652220,2.949559,5,3
grid36nDr0nDe2,30,7.355890,6.144014,0.702797,4,1
airport36nDr0nDe3,30,2.172932,0.928763,0.103835,4,1
grid1nDr0nDe2,30,8.333333,8.169326,3.395257,4,2
grid36nDr0nDe1,30,5.639098,1.727243,0.782318,4,2
metroplex34nDr0nDe3,30,18.162907,136.231234,65.433815,4,2
airport33nDr0nDe1,30,1.443609,4.925517,0.383056,4,1
airport14nDr0nDe1,30,1.761905,18.764747,1.461851,4,1
airport33nDr0nDe2,30,1.889724,7.384345,0.576099,4,1
airport18nDr0nDe2,30,1.634085,8.840066,0.568781,4,1
metroplex39nDr0nDe1,30,2.365915,8.420034,0.708052,6,2
metroplex35nDr0nDe3,30,14.307086,145.424443,7.342071,5,1
metroplex38nDr0nDe3,30,14.669173,8.379505,1.704614,4,1
grid18nDr0nDe3,30,9.007519,25.313372,1.689561,5,1
metroplex38nDr0nDe2,30,12.784461,23.669576,17.130965,4,3
metroplex39nDr0nDe2,30,9.629073,19.603444,1.906084,5,1
grid33nDr0nDe1,30,3.255639,1.830223,0.207551,5,1
airport24nDr0nDe3,30,1.619048,11.925887,0.865244,4,1
metroplex34nDr0nDe2,30,21.172932,134.909611,134.834760,4,4
metroplex39nDr0nDe3,30,3.634085,6.572004,1.099460,5,2
grid36nDr0nDe3,30,6.994987,10.287804,0.956703,5,1
airport23nDr0nDe1,30,1.476190,8.217670,0.725601,4,1
grid33nDr0nDe2,30,5.654135,9.008179,3.728460,4,2
metroplex37nDr0nDe1,30,10.135338,135.761257,65.574909,4,2
airport15nDr0nDe1,30,0.476190,14.481383,1.114428,4,1
airport38nDr0nDe3,30,1.646617,2.017197,0.257161,4,1
grid18nDr0nDe2,30,8.190476,13.442824,1.086917,5,1
airport35nDr0nDe1,30,0.854637,15.620880,0.855387,4,1
airport35nDr0nDe2,30,1.142857,13.766978,0.976617,4,1
metroplex3nDr0nDe2,30,6.674185,9.472411,0.936750,5,1
grid38nDr0nDe3,30,5.624060,1.557189,0.227636,4,1
airport24nDr0nDe1,30,0.571429,12.452797,1.550371,4,1
metroplex3nDr0nDe3,30,47.378446,2.993451,0.653756,5,2
grid16nDr0nDe1,30,2.145363,33.652096,1.626117,6,1
metroplex40nDr0nDe1,30,6.736842,3.886810,1.804302,4,2
airport24nDr0nDe2,30,1.047619,13.089732,1.234750,4,1
grid28nDr0nDe1,30,6.100251,188.736954,1.032571,9,1
metroplex40nDr0nDe2,30,16.458647,5.967154,2.476744,4,2
metroplex37nDr0nDe3,30,16.937343,130.095637,91.935627,4,3
metroplex40nDr0nDe3,30,7.365915,0.960713,0.415708,4,2
airport40nDr0nDe3,30,1.631579,2.775721,0.282787,4,1
airport23nDr0nDe3,30,0.962406,9.127229,0.783937,4,1
airport3nDr0nDe3,30,1.428571,11.254503,0.924767,4,1
airport40nDr0nDe1,30,1.370927,0.906210,0.137542,4,1
airport21nDr0nDe3,30,1.428571,12.460899,0.749830,4,1
grid28nDr0nDe3,30,11.235589,698.622608,3.158257,21,1
airport39nDr0nDe1,30,2.035088,5.571659,0.571751,4,1
grid28nDr0nDe2,30,4.588972,333.609010,1.112955,13,1
airport40nDr0nDe2,30,1.791980,3.244106,0.360348,4,1
grid40nDr0nDe3,30,18.769424,5.923307,2.824855,4,2
grid40nDr0nDe1,30,10.310777,4.880360,0.498651,5,1
airport38nDr0nDe2,30,1.523810,3.703945,0.363809,4,1
airport25nDr0nDe3,30,1.015038,10.408470,0.930386,4,1
grid40nDr0nDe2,30,9.854637,6.372508,0.837225,5,1
airport3nDr0nDe2,30,2.092732,7.402395,0.617849,4,1
grid39nDr0nDe1,30,4.060150,3.360373,0.451660,4,1
grid16nDr0nDe3,30,2.824561,60.754531,1.462782,11,1
metroplex37nDr0nDe2,30,8.992481,337.815249,69.010647,9,2
grid23nDr0nDe1,30,3.864662,13.157842,8.557167,4,3
grid29nDr0nDe3,30,4.125313,105.849088,2.961235,7,1
grid15nDr0nDe3,30,4.385965,698.061252,2.990348,21,1
grid21nDr0nDe1,30,7.233083,40.057507,2.692589,6,1
grid24nDr0nDe1,30,0.621554,17.277802,1.570939,4,1
grid3nDr0nDe3,30,23.842105,5.511164,1.242981,4,1
grid14nDr0nDe1,30,1.478697,15.460822,10.376436,4,3
grid14nDr0nDe3,30,4.428571,466.726028,2.326032,16,1
grid21nDr0nDe3,30,7.516291,10.686615,8.162298,4,3
grid3nDr0nDe2,30,5.147870,4.127418,0.639957,4,1
airport38nDr0nDe1,30,1.411028,7.097878,0.590681,4,1
metroplex42nDr0nDe1,30,9.486216,1.440264,0.758552,5,3
grid38nDr0nDe2,30,3.380952,32.955459,0.786095,8,1
metroplex42nDr0nDe3,30,10.914787,2.313130,1.287338,5,3
airport42nDr0nDe1,30,0.937343,2.168648,0.258636,4,1
metroplex42nDr0nDe2,30,5.461153,6.695764,2.467643,5,2
metroplex43nDr0nDe2,30,11.571429,3.567812,1.665675,4,2
airport42nDr0nDe3,30,1.804511,0.696066,0.120799,4,1
metroplex43nDr0nDe1,30,30.265664,11.101292,8.007729,5,4
grid42nDr0nDe1,30,5.002506,3.572185,0.418918,4,1
grid38nDr0nDe1,30,6.473684,9.633970,1.132218,4,1
airport32nDr0nDe2,30,8.932331,2.241327,0.270024,4,1
airport39nDr0nDe2,30,2.375940,9.510624,0.513984,4,1
metroplex43nDr0nDe3,30,6.208020,0.701467,0.183027,4,1
airport43nDr0nDe2,30,2.235589,5.073146,0.502301,4,1
airport42nDr0nDe2,30,1.774436,1.049509,0.142421,4,1
airport43nDr0nDe3,30,2.330827,4.014951,0.398955,4,1
grid42nDr0nDe3,30,5.741855,40.012465,1.356553,8,1
grid32nDr0nDe2,30,4.809522,6.659727,0.723346,4,1
metroplex41nDr0nDe1,30,11.005013,22.025566,17.008402,5,4
grid42nDr0nDe2,30,9.491228,6.301749,4.416111,4,3
grid43nDr0nDe3,30,12.609023,12.480781,0.692437,5,1
grid35nDr0nDe1,30,1.127820,221.264729,1.860397,12,1
grid43nDr0nDe2,30,11.892231,9.014600,0.620234,5,1
metroplex44nDr0nDe1,30,10.040100,2.645352,1.146578,5,2
metroplex44nDr0nDe2,30,3.090226,7.879852,2.937724,5,2
grid39nDr0nDe2,30,7.624060,7.287999,0.855272,4,1
airport44nDr0nDe1,30,1.443609,0.601242,0.082256,4,1
grid44nDr0nDe1,30,2.245614,3.780824,0.435091,5,1
metroplex41nDr0nDe2,30,16.140351,42.909923,19.661310,5,3
metroplex44nDr0nDe3,30,22.914787,7.979767,1.721375,5,1
metroplex45nDr0nDe2,30,11.077694,21.627560,10.135113,4,2
grid35nDr0nDe2,30,4.092732,551.364639,2.190559,21,1
airport44nDr0nDe2,30,1.393484,1.525942,0.221858,4,1
metroplex45nDr0nDe1,30,3.809524,109.023332,8.199851,13,2
metroplex45nDr0nDe3,30,6.989949,29.108301,18.045250,5,3
grid44nDr0nDe2,30,11.992481,18.099633,4.479872,6,2
grid15nDr0nDe2,30,5.463659,720.568156,3.491614,21,1
airport0nDr0nDe3,30,1.300752,13.673950,1.085212,4,1
airport46nDr0nDe2,30,9.526316,13.108458,5.374342,4,2
metroplex41nDr0nDe3,30,10.155388,61.163495,46.981229,8,6
grid25nDr0nDe2,30,3.182957,269.014479,1.004880,11,1
grid23nDr0nDe3,30,5.022556,114.380124,1.827340,8,1
grid25nDr0nDe3,30,4.278195,643.377228,3.647765,21,1
metroplex46nDr0nDe1,30,18.117794,19.995249,11.241077,6,4
airport39nDr0nDe3,30,1.739348,1.714058,0.157975,4,1
metroplex47nDr0nDe2,30,14.403509,3.412940,1.602006,4,2
grid24nDr0nDe3,30,5.172932,255.266403,3.673335,9,1
metroplex47nDr0nDe1,30,3.190180,27.172389,20.212725,5,4
metroplex47nDr0nDe3,30,11.027569,0.956827,0.211708,4,1
grid39nDr0nDe3,30,8.243108,11.385900,0.915054,5,1
airport47nDr0nDe2,30,0.676692,11.768872,0.994184,4,1
airport47nDr0nDe3,30,2.047619,13.777996,1.449981,4,1
airport34nDr0nDe1,30,0.686717,11.234003,0.555131,4,1
grid24nDr0nDe2,30,0.924812,648.772158,2.829064,21,1
metroplex48nDr0nDe2,30,5.553885,15.228209,1.797052,4,1
metroplex48nDr0nDe1,30,9.684211,42.358481,31.116545,4,3
grid15nDr0nDe1,30,4.360902,127.920257,3.920790,7,1
airport45nDr0nDe2,30,0.719298,10.963354,1.149015,4,1
metroplex48nDr0nDe3,30,7.125313,14.539973,1.647053,4,1
airport10nDr0nDe3,30,2.573935,10.226304,0.693523,4,1
airport43nDr0nDe1,30,0.874687,2.247366,0.276494,4,1
grid47nDr0nDe3,30,4.172932,0.872740,0.186177,4,1
metroplex49nDr0nDe1,30,9.160401,17.241006,8.368846,4,2
grid43nDr0nDe1,30,3.746867,9.521623,5.056400,4,2
airport20nDr0nDe3,30,2.285714,13.194969,1.369464,4,1
airport45nDr0nDe3,30,0.962406,10.751744,0.912613,4,1
metroplex49nDr0nDe2,30,5.593985,30.711176,14.417364,4,2
grid0nDr0nDe3,30,6.408521,13.955831,2.179891,4,1
grid10nDr0nDe3,30,3.922306,0.977561,0.229870,4,1
airport21nDr0nDe2,30,1.238095,15.245780,0.813535,4,1
airport48nDr0nDe2,30,2.596491,8.680368,0.885758,4,1
grid46nDr0nDe2,30,6.934837,24.155572,0.836978,8,1
grid45nDr0nDe2,30,2.674185,27.751841,2.788038,4,1
airport35nDr0nDe3,30,2.067669,2.896680,0.257150,4,1
airport10nDr0nDe1,30,1.295739,9.403933,0.705681,4,1
grid47nDr0nDe2,30,6.145363,82.017647,1.708355,8,1
airport48nDr0nDe3,30,1.699248,1.088897,0.136155,4,1
metroplex4nDr0nDe1,30,4.065163,34.631024,3.526345,5,1
grid34nDr0nDe1,30,12.190476,81.282119,3.262501,8,1
airport34nDr0nDe3,30,1.258145,11.574249,0.713537,4,1
grid20nDr0nDe3,30,14.721805,5.417451,0.505349,6,1
metroplex46nDr0nDe3,30,24.235589,234.254412,30.777784,7,1
airport41nDr0nDe1,30,0.619048,4.406922,0.558793,4,1
airport49nDr0nDe1,30,1.333333,13.388832,1.423656,4,1
airport47nDr0nDe1,30,0.937343,3.807652,0.392129,4,1
metroplex50nDr0nDe1,30,2.729323,1.405428,0.236597,4,1
metroplex50nDr0nDe2,30,9.278195,0.909889,0.206527,4,1
airport50nDr0nDe1,30,1.781955,10.969333,1.062301,4,1
grid21nDr0nDe2,30,9.436090,21.499661,1.935632,5,1
airport50nDr0nDe2,30,1.328321,1.013489,0.138393,4,1
airport16nDr0nDe2,30,1.972431,5.929412,0.606770,4,1
grid50nDr0nDe2,30,4.441103,0.940721,0.165755,4,1
grid47nDr0nDe1,30,3.877193,13.192831,0.466175,5,1
grid48nDr0nDe2,30,9.789474,330.615413,8.301537,19,2
grid10nDr0nDe1,30,2.358396,88.190025,0.736076,6,1
airport44nDr0nDe3,30,2.067669,3.098184,0.225973,4,1
metroplex51nDr0nDe1,30,4.619048,5.086853,2.366293,4,2
airport48nDr0nDe1,30,1.952381,12.402976,0.505364,4,1
metroplex49nDr0nDe3,30,15.884712,106.765065,15.729431,6,1
metroplex4nDr0nDe3,30,13.102757,32.393726,17.448078,4,2
metroplex51nDr0nDe2,30,12.586466,4.899211,4.864150,4,4
metroplex51nDr0nDe3,30,15.448622,3.734266,1.499501,4,2
airport51nDr0nDe1,30,1.147870,0.731616,0.099421,4,1
grid44nDr0nDe3,30,4.558897,37.510227,0.746781,9,1
grid51nDr0nDe1,30,5.764411,1.135656,0.183324,4,1
metroplex52nDr0nDe1,30,3.511278,4.356174,2.930700,4,3
airport51nDr0nDe3,30,3.912281,0.736545,0.110407,4,1
airport51nDr0nDe2,30,8.067669,2.464947,0.944043,4,2
metroplex50nDr0nDe3,30,8.005013,55.665907,12.883322,7,2
grid51nDr0nDe3,30,11.593985,9.588801,6.673094,4,3
airport3nDr0nDe1,30,1.508772,1.174918,0.150365,4,1
grid51nDr0nDe2,30,16.789474,5.575729,4.010189,5,4
grid3nDr0nDe1,30,4.593985,0.721441,0.151441,4,1
metroplex52nDr0nDe2,30,13.829574,21.558712,10.741324,4,2
grid48nDr0nDe1,30,6.511278,16.767854,7.284935,4,2
airport52nDr0nDe1,30,0.726817,1.570390,0.264084,4,1
airport49nDr0nDe2,30,1.904762,11.772763,1.179444,4,1
metroplex52nDr0nDe3,30,13.889724,10.435608,6.646829,5,3
metroplex4nDr0nDe2,30,21.874687,167.494657,19.596111,5,1
grid52nDr0nDe1,30,2.443609,7.740458,0.724113,4,1
airport4nDr0nDe1,30,0.190476,11.615824,1.234307,4,1
airport34nDr0nDe2,30,1.591479,10.718496,0.673936,4,1
airport52nDr0nDe3,30,2.646617,8.141464,0.618562,4,1
grid45nDr0nDe3,30,6.834586,677.386985,2.205762,21,1
grid49nDr0nDe1,30,0.817043,33.429363,7.335661,6,2
airport41nDr0nDe2,30,0.476190,4.543798,0.478423,4,1
airport37nDr0nDe3,30,1.699248,4.121012,0.305844,4,1
grid48nDr0nDe3,30,13.503759,289.222547,2.197263,11,1
grid41nDr0nDe1,30,2.969925,358.234526,1.541129,12,1
metroplex53nDr0nDe3,30,6.330827,0.655619,0.163622,4,1
metroplex53nDr0nDe2,30,10.002506,31.808002,14.298556,5,3
grid35nDr0nDe3,30,5.338346,467.979801,3.102213,17,1
airport25nDr0nDe1,30,17.419679,9.060697,4.295722,4,2
airport46nDr0nDe1,30,1.022556,3.643599,0.332568,4,1
grid4nDr0nDe1,30,5.583960,7.265783,2.359909,4,2
airport53nDr0nDe3,30,2.571429,14.244468,0.945860,4,1
grid16nDr0nDe2,30,4.709273,33.196798,1.437201,6,1
grid52nDr0nDe3,30,3.453634,22.395170,0.768203,6,1
grid46nDr0nDe1,30,7.132832,10.128560,3.985680,4,2
grid34nDr0nDe2,30,3.047619,24.921525,1.760472,5,1
grid37nDr0nDe3,30,1.619048,125.922006,2.779105,7,1
airport45nDr0nDe1,30,0.200501,10.060095,0.903100,4,1
grid53nDr0nDe3,30,3.092732,1.004230,0.185222,4,1
metroplex53nDr0nDe1,30,6.734336,117.620355,95.366031,6,4
airport52nDr0nDe2,30,1.365915,0.835811,0.138929,4,1
metroplex54nDr0nDe1,30,2.215539,43.502832,23.875931,5,3
metroplex55nDr0nDe1,30,1.997494,28.061807,14.267218,4,2
grid52nDr0nDe2,30,3.015038,16.791136,0.928884,5,1
metroplex54nDr0nDe2,30,5.205514,51.076578,32.575517,6,4
metroplex55nDr0nDe2,30,5.741855,67.340324,37.002948,7,4
metroplex55nDr0nDe3,30,10.862155,47.596532,20.024636,4,2
grid25nDr0nDe1,30,3.566416,331.578229,3.596902,15,1
airport11nDr0nDe2,30,1.032581,8.974956,0.714522,4,1
metroplex56nDr0nDe1,30,4.471178,7.192909,0.837000,4,1
metroplex56nDr0nDe2,30,9.784461,12.275946,5.050644,4,2
grid34nDr0nDe3,30,10.842105,77.727691,3.298932,5,1
airport55nDr0nDe1,30,1.754386,7.403591,0.589243,4,1
airport56nDr0nDe1,30,1.716792,2.741674,0.181917,4,1
metroplex57nDr0nDe1,30,11.586466,10.370526,1.819357,4,1
metroplex54nDr0nDe3,30,14.891934,129.783253,70.238065,5,3
metroplex56nDr0nDe3,30,11.228070,11.772810,1.615952,4,1
grid56nDr0nDe1,30,15.260652,2.490314,1.097790,4,2
airport11nDr0nDe3,30,1.699248,1.915770,0.156053,4,1
airport56nDr0nDe2,30,1.433584,2.383778,0.265848,4,1
grid11nDr0nDe3,30,5.964912,2.337943,0.999177,4,2
metroplex58nDr0nDe1,30,5.180451,6.098339,2.632919,4,2
airport54nDr0nDe1,30,0.952381,9.686393,1.206871,4,1
metroplex57nDr0nDe2,30,12.969925,28.264610,5.252913,5,1
metroplex58nDr0nDe2,30,4.010025,12.828642,1.167432,7,2
metroplex58nDr0nDe3,30,8.007519,8.559145,6.518033,4,3
metroplex57nDr0nDe3,30,12.172932,115.008162,7.417811,8,2
airport4nDr0nDe3,30,0.914787,10.800735,1.077324,4,1
grid50nDr0nDe1,30,9.694236,717.796263,3.240729,21,1
airport58nDr0nDe1,30,0.726817,0.801841,0.125167,4,1
grid11nDr0nDe2,30,8.899749,9.024440,0.681573,5,1
airport57nDr0nDe1,30,2.383459,11.604901,0.614634,4,1
grid58nDr0nDe1,30,3.110276,6.941432,0.542824,5,1
grid49nDr0nDe2,30,2.619047,656.109470,14.138680,21,1
airport50nDr0nDe3,30,1.804511,1.082142,0.152437,4,1
metroplex59nDr0nDe1,30,3.809524,10.247387,0.781893,4,1
grid56nDr0nDe2,30,12.052632,6.837828,1.195996,5,1
grid45nDr0nDe1,30,1.112782,159.913242,1.740859,6,1
grid55nDr0nDe1,30,1.343358,30.439128,3.084106,5,1
airport58nDr0nDe3,30,1.614035,1.913329,0.204082,4,1
metroplex59nDr0nDe2,30,4.230576,1.311377,0.262325,4,1
metroplex59nDr0nDe3,30,12.305764,3.081876,1.517278,4,2
grid41nDr0nDe2,30,11.769424,712.952323,3.114050,21,1
grid58nDr0nDe3,30,10.714286,8.550469,0.753431,5,1
metroplex5nDr0nDe1,30,13.664160,10.016239,1.074875,6,2
airport59nDr0nDe2,30,1.676692,5.687044,0.650237,4,1
airport59nDr0nDe3,30,1.751880,2.128964,0.257267,4,1
airport59nDr0nDe1,30,1.491228,5.076248,0.483104,4,1
airport37nDr0nDe1,30,5.260410,11.207726,5.407806,4,2
grid59nDr0nDe3,30,12.205514,5.635383,0.489300,5,1
grid59nDr0nDe2,30,11.571429,1.559490,0.250488,4,1
grid57nDr0nDe1,30,3.854637,17.340400,0.626509,9,1
grid59nDr0nDe1,30,3.556391,7.143153,0.615236,4,1
metroplex5nDr0nDe2,30,4.924812,12.277046,8.936605,5,4
airport55nDr0nDe3,30,1.285714,10.018157,1.251656,4,1
airport57nDr0nDe2,30,2.669173,9.092920,0.880269,4,1
grid50nDr0nDe3,30,15.355890,46.023616,2.256165,7,1
metroplex60nDr0nDe2,30,10.170426,0.735344,0.173034,4,1
airport60nDr0nDe2,30,1.949875,10.305373,0.894317,4,1
grid37nDr0nDe1,30,1.446115,21.508211,2.689352,4,1
grid57nDr0nDe2,30,9.944862,14.464272,6.465733,4,2
airport54nDr0nDe2,30,0.761905,10.828742,1.150301,4,1
airport57nDr0nDe3,30,6.614035,2.877138,0.231936,4,1
grid54nDr0nDe1,30,7.686717,37.583879,3.385913,6,1
grid57nDr0nDe3,30,12.744361,2.275790,0.989709,4,2
metroplex61nDr0nDe1,30,7.892231,1.566279,0.260470,4,1
metroplex60nDr0nDe3,30,20.944862,36.619782,14.468807,4,1
grid60nDr0nDe2,30,4.929825,74.149499,1.078272,7,1
airport61nDr0nDe1,30,1.190476,2.228469,0.260751,4,1
metroplex61nDr0nDe3,30,12.629073,0.964730,0.215880,4,1
metroplex61nDr0nDe2,30,11.924812,2.426108,1.116679,4,2
airport61nDr0nDe3,30,1.107769,0.549987,0.110110,4,1
grid61nDr0nDe3,30,6.406015,0.900772,0.169055,4,1
airport61nDr0nDe2,30,0.927318,1.113911,0.134969,4,1
grid61nDr0nDe1,30,5.090226,6.139432,0.353021,7,1
metroplex60nDr0nDe1,30,5.162907,92.151819,1.836288,7,1
metroplex5nDr0nDe3,30,10.097744,185.234965,48.701560,7,3
grid61nDr0nDe2,30,3.310777,2.178828,0.321498,4,1
metroplex62nDr0nDe1,30,5.581454,53.068580,1.468539,8,1
metroplex62nDr0nDe3,30,7.200501,15.103065,1.494953,4,1
airport5nDr0nDe1,30,1.203008,2.196548,0.240617,4,1
metroplex62nDr0nDe2,30,4.952381,23.791698,0.877777,6,1
metroplex63nDr0nDe2,30,6.320802,13.838807,5.994326,5,2
airport49nDr0nDe3,30,2.380952,12.399502,1.045340,4,1
metroplex64nDr0nDe1,30,2.756892,6.111061,3.180752,5,3
metroplex63nDr0nDe3,30,17.185464,19.297337,8.825186,5,3
airport56nDr0nDe3,30,2.681704,0.851857,0.137806,4,1
grid5nDr0nDe1,30,3.035088,9.637148,0.603230,5,1
grid56nDr0nDe3,30,7.401003,4.833771,3.003244,4,3
metroplex64nDr0nDe2,30,5.488722,11.982348,6.634180,5,3
metroplex63nDr0nDe1,30,5.032581,18.736859,1.237946,6,2
metroplex64nDr0nDe3,30,10.230576,6.147394,0.941026,4,1
airport55nDr0nDe2,30,11.413534,9.491262,1.117346,4,1
airport62nDr0nDe3,30,2.932331,11.778602,0.928016,4,1
grid54nDr0nDe2,30,7.869674,44.803288,1.982063,9,1
airport63nDr0nDe2,30,1.781955,3.011425,0.227416,4,1
airport64nDr0nDe3,30,1.979950,2.671273,0.294516,4,1
metroplex65nDr0nDe1,30,5.110276,50.669086,36.002186,6,4
grid4nDr0nDe3,30,3.671679,728.045613,1.628446,21,1
airport64nDr0nDe2,30,1.498747,5.424920,0.444025,4,1
grid55nDr0nDe3,30,1.942356,68.843379,2.025742,5,1
grid63nDr0nDe2,30,5.115288,9.275762,4.721788,4,2
airport5nDr0nDe2,30,1.854637,4.225515,0.257072,4,1
airport60nDr0nDe3,30,0.781955,13.781005,1.182001,4,1
metroplex65nDr0nDe3,30,12.175439,29.056707,11.549160,6,3
grid62nDr0nDe3,30,4.383459,7.265808,0.661628,4,1
grid5nDr0nDe2,30,4.283208,5.096093,2.164275,4,2
airport62nDr0nDe2,30,1.528822,1.073741,0.149301,4,1
metroplex66nDr0nDe1,30,7.431052,9.821278,6.798937,6,4
metroplex66nDr0nDe2,30,14.827068,5.639788,2.513060,5,3
grid62nDr0nDe2,30,3.992481,8.788349,3.384566,4,2
airport37nDr0nDe2,30,1.238095,11.547770,1.161411,4,1
grid64nDr0nDe3,30,6.258145,10.160061,6.632447,4,3
metroplex65nDr0nDe2,30,13.972135,161.692165,13.860385,5,1
grid60nDr0nDe3,30,3.248120,0.912954,0.196804,4,1
metroplex68nDr0nDe1,30,3.025063,0.842068,0.189242,4,1
grid64nDr0nDe2,30,5.536341,97.899066,0.488614,10,1
metroplex68nDr0nDe2,30,9.195489,1.037011,0.217428,4,1
metroplex67nDr0nDe1,30,3.040100,20.267383,14.125534,5,4
airport68nDr0nDe1,30,3.546366,1.390673,0.204879,4,1
airport66nDr0nDe2,30,2.082707,1.762805,0.202213,4,1
metroplex68nDr0nDe3,30,7.929825,4.083177,4.044469,4,4
airport41nDr0nDe3,30,1.962406,3.229025,0.374271,4,1
airport68nDr0nDe2,30,1.275689,0.536839,0.080488,4,1
grid68nDr0nDe1,30,4.927318,0.989562,0.170760,4,1
metroplex67nDr0nDe3,30,8.566416,19.363024,13.506988,4,3
metroplex69nDr0nDe1,30,4.120301,2.194252,1.596129,4,3
grid68nDr0nDe2,30,9.624060,5.514094,0.503633,5,1
grid66nDr0nDe2,30,8.493734,13.651185,0.859484,6,1
metroplex66nDr0nDe3,30,15.040075,27.485425,23.490685,8,6
airport62nDr0nDe1,30,0.726817,2.347539,0.252509,4,1
airport68nDr0nDe3,30,1.751880,0.643210,0.115239,4,1
metroplex69nDr0nDe2,30,16.160401,9.927025,6.319353,6,4
airport69nDr0nDe1,30,3.203008,1.268227,0.146612,4,1
grid68nDr0nDe3,30,12.225564,1.007880,0.199734,4,1
grid69nDr0nDe1,30,3.022556,1.694401,0.209964,4,1
grid62nDr0nDe1,30,12.280702,2.952563,1.328876,4,2
metroplex67nDr0nDe2,30,8.215539,29.608254,2.521635,5,1
airport66nDr0nDe1,30,1.654135,1.848427,0.241008,4,1
metroplex6nDr0nDe1,30,3.205514,11.097334,5.499392,5,3
metroplex69nDr0nDe3,30,7.270677,21.799340,10.368006,4,2
grid66nDr0nDe1,30,3.077694,2.968053,0.427592,4,1
metroplex6nDr0nDe2,30,3.989975,12.669756,6.978657,5,3
metroplex70nDr0nDe1,30,2.972431,8.188552,3.565796,4,2
metroplex6nDr0nDe3,30,5.751880,28.099458,4.565501,7,2
airport65nDr0nDe3,30,2.428571,18.731201,1.181655,4,1
airport69nDr0nDe2,30,1.604010,1.299161,0.163828,4,1
metroplex70nDr0nDe3,30,10.674185,6.217180,2.493806,4,2
grid69nDr0nDe2,30,4.210526,6.107303,0.495005,5,1
metroplex70nDr0nDe2,30,12.177945,18.050299,9.206366,4,2
grid49nDr0nDe3,30,2.516291,119.331859,2.967208,7,1
airport67nDr0nDe3,30,1.904762,12.007040,1.094246,4,1
airport70nDr0nDe1,30,0.779449,15.055056,0.815991,4,1
grid55nDr0nDe2,30,1.656642,203.964908,2.386861,12,1
airport70nDr0nDe3,30,1.428571,17.369121,1.183547,4,1
airport6nDr0nDe1,30,0.982456,16.863760,0.753387,4,1
airport65nDr0nDe1,30,0.952381,14.246493,1.500375,4,1
airport6nDr0nDe2,30,2.100251,5.041538,0.352484,4,1
metroplex72nDr0nDe1,30,3.471178,3.286363,0.415248,4,1
grid37nDr0nDe2,30,1.571429,96.353718,2.902771,8,1
metroplex71nDr0nDe1,30,3.318296,28.878481,14.230633,4,2
airport6nDr0nDe3,30,1.629073,13.566197,0.803206,4,1
grid65nDr0nDe3,30,5.050125,19.764912,9.453371,4,2
airport72nDr0nDe1,30,0.832080,2.175919,0.214531,4,1
airport69nDr0nDe3,30,0.962406,8.415775,0.693160,4,1
airport53nDr0nDe1,30,0.333333,12.416014,0.922627,4,1
grid72nDr0nDe1,30,6.837093,1.749918,0.634163,5,2
airport70nDr0nDe2,30,1.824561,8.215983,0.593789,4,1
grid6nDr0nDe2,30,2.879699,59.190087,36.380559,16,10
metroplex72nDr0nDe2,30,10.012531,8.091911,1.051243,4,1
grid70nDr0nDe1,30,7.621554,13.308293,8.971611,4,3
grid65nDr0nDe1,30,13.979950,9.817018,9.756969,4,4
grid6nDr0nDe1,30,2.175439,26.138561,0.801926,10,1
airport72nDr0nDe2,30,1.223058,3.073021,0.306404,4,1
metroplex72nDr0nDe3,30,11.238095,5.211928,2.259041,4,2
grid41nDr0nDe3,30,15.536341,141.079702,2.910742,8,1
grid53nDr0nDe1,30,3.786967,26.180261,10.457560,4,2
grid70nDr0nDe3,30,6.438596,18.179443,2.142819,4,1
airport72nDr0nDe3,30,1.619048,9.037712,0.626645,4,1
airport66nDr0nDe3,30,2.558897,1.890618,0.275093,4,1
metroplex71nDr0nDe2,30,17.328024,122.577929,68.909299,5,3
metroplex73nDr0nDe1,30,3.984962,29.784975,11.941930,4,2
grid66nDr0nDe3,30,10.513784,5.805657,1.911880,4,2
grid6nDr0nDe3,30,6.355890,50.773679,1.445958,10,1
airport46nDr0nDe3,30,1.010025,14.861501,1.362323,4,1
airport71nDr0nDe1,30,0.385965,9.420571,0.988631,4,1
metroplex71nDr0nDe3,30,12.368421,255.939159,22.481724,8,1
metroplex74nDr0nDe1,30,3.536341,18.773115,7.650843,4,2
metroplex75nDr0nDe1,30,3.205514,3.211781,1.516955,6,3
grid70nDr0nDe2,30,2.834586,13.262034,1.004326,4,1
metroplex74nDr0nDe2,30,9.010025,24.987556,17.418481,4,3
metroplex74nDr0nDe3,30,3.268170,31.750312,10.856407,5,2
airport75nDr0nDe1,30,2.017544,7.388189,0.627752,4,1
grid72nDr0nDe3,30,2.756892,23.796301,1.108551,6,1
grid72nDr0nDe2,30,8.463659,41.035612,4.386806,10,2
airport67nDr0nDe2,30,1.639098,12.330321,1.200387,4,1
metroplex73nDr0nDe2,30,8.919799,46.636440,24.373093,5,2
metroplex75nDr0nDe2,30,13.438596,17.643915,4.760413,7,2
airport4nDr0nDe2,30,0.666667,12.002291,0.697377,4,1
grid75nDr0nDe1,30,2.859649,4.153811,1.833179,4,2
grid69nDr0nDe3,30,6.644110,103.622984,1.675411,7,1
airport63nDr0nDe1,30,1.175439,1.364946,0.192886,4,1
metroplex75nDr0nDe3,30,17.964912,5.157326,5.104687,5,5
grid63nDr0nDe1,30,8.165414,1.486069,0.219146,4,1
airport73nDr0nDe1,30,0.385965,11.486232,1.226778,4,1
airport74nDr0nDe1,30,0.476190,13.634285,1.508907,4,1
metroplex76nDr0nDe1,30,4.288221,7.919555,3.950358,4,2
metroplex76nDr0nDe3,30,5.962406,2.744368,1.224679,4,2
metroplex76nDr0nDe2,30,13.709273,5.555125,2.858387,4,2
metroplex77nDr0nDe1,30,3.796992,0.960600,0.208728,4,1
metroplex77nDr0nDe2,30,6.689223,0.549958,0.115428,4,1
airport77nDr0nDe1,30,0.822055,1.031457,0.148898,4,1
airport77nDr0nDe2,30,1.561404,2.193628,0.267182,4,1
grid77nDr0nDe1,30,2.676692,0.875580,0.184111,4,1
airport76nDr0nDe3,30,1.488722,1.567639,0.240457,4,1
grid76nDr0nDe3,30,11.513784,1.377885,0.635061,4,2
metroplex77nDr0nDe3,30,15.436090,9.682713,4.996824,4,2
airport76nDr0nDe2,30,1.518797,1.457330,0.214261,4,1
grid46nDr0nDe3,30,9.175439,71.063589,2.118848,9,1
metroplex73nDr0nDe3,30,11.215539,167.353077,130.715751,5,4
airport76nDr0nDe1,30,1.233083,1.430787,0.185660,4,1
grid76nDr0nDe2,30,8.849624,0.826483,0.189403,4,1
airport74nDr0nDe2,30,1.390977,12.717787,1.013428,4,1
grid76nDr0nDe1,30,2.869674,7.578617,3.342222,4,2
grid77nDr0nDe2,30,5.791980,20.969397,0.714436,8,1
grid73nDr0nDe1,30,1.661654,21.091643,1.826730,4,1
airport64nDr0nDe1,30,2.939850,7.188312,0.566773,4,1
metroplex78nDr0nDe1,30,6.591479,39.159219,22.881100,5,3
airport77nDr0nDe3,30,1.962406,4.432185,0.416818,4,1
metroplex78nDr0nDe2,30,8.694236,43.090014,6.963284,7,1
metroplex78nDr0nDe3,30,4.506266,0.933746,0.306717,5,2
airport74nDr0nDe3,30,2.095238,11.070644,1.212240,4,1
grid77nDr0nDe3,30,9.167920,0.873019,0.201965,4,1
airport58nDr0nDe2,30,1.012531,0.552298,0.092052,4,1
airport78nDr0nDe3,30,1.105263,12.122031,1.025101,4,1
grid58nDr0nDe2,30,7.340852,13.941775,0.960501,5,1
grid64nDr0nDe1,30,2.604010,32.663922,1.135557,5,1
grid67nDr0nDe3,30,4.726817,636.862316,2.396812,21,1
grid74nDr0nDe1,30,3.506266,23.751401,9.150447,4,2
airport54nDr0nDe3,30,1.238095,9.918824,0.947297,4,1
metroplex79nDr0nDe1,30,2.874687,53.776374,40.952797,7,5
airport75nDr0nDe3,30,2.100251,1.722910,0.189981,4,1
grid71nDr0nDe1,30,3.265664,699.224179,1.309885,21,1
grid74nDr0nDe3,30,6.701754,15.734673,12.343807,4,3
airport65nDr0nDe2,30,1.571429,0.852263,0.175858,4,1
metroplex7nDr0nDe1,30,8.050125,0.716374,0.158040,4,1
airport7nDr0nDe1,30,0.726817,0.769209,0.118540,4,1
grid7nDr0nDe1,30,8.157895,3.188342,0.463995,4,1
airport5nDr0nDe3,30,2.067669,7.237188,0.623279,4,1
airport75nDr0nDe2,30,1.433584,1.784108,0.246407,4,1
airport53nDr0nDe2,30,1.142857,14.557682,1.292138,4,1
metroplex7nDr0nDe2,30,6.571429,0.584816,0.131846,4,1
airport7nDr0nDe2,30,1.203008,0.796870,0.159045,4,1
grid7nDr0nDe2,30,10.644110,2.598258,1.209238,4,2
grid75nDr0nDe2,30,6.809524,12.759316,7.155265,5,3
metroplex79nDr0nDe2,30,10.543860,79.898190,67.206581,7,5
grid54nDr0nDe3,30,13.593985,16.536610,1.944300,5,1
metroplex80nDr0nDe1,30,4.077694,29.640780,2.726132,5,1
metroplex81nDr0nDe1,30,5.696742,1.674454,0.332644,4,1
metroplex7nDr0nDe3,30,8.390977,37.138901,9.233471,8,2
grid67nDr0nDe2,30,6.330827,665.063584,1.630428,21,1
metroplex80nDr0nDe2,30,6.578947,27.631463,11.109937,4,2
grid53nDr0nDe2,30,5.365915,2.741326,0.415303,4,1
airport81nDr0nDe1,30,0.095238,9.505365,0.798550,4,1
airport78nDr0nDe1,30,0.333333,14.476726,1.526456,4,1
airport60nDr0nDe1,30,1.518797,9.125772,0.744349,4,1
metroplex81nDr0nDe2,30,8.877193,1.779894,0.807172,4,2
metroplex81nDr0nDe3,30,10.075188,1.595192,0.634040,4,2
metroplex79nDr0nDe3,30,31.646617,134.272393,65.930231,5,3
metroplex80nDr0nDe3,30,22.624035,53.366717,22.939261,4,2
airport81nDr0nDe3,30,1.265664,0.782421,0.142610,4,1
airport81nDr0nDe2,30,0.972431,6.500508,0.749784,4,1
grid81nDr0nDe3,30,13.135338,0.951237,0.181467,4,1
grid75nDr0nDe3,30,17.626566,37.725394,4.083345,5,1
grid78nDr0nDe3,30,8.365915,50.028749,5.826323,5,1
metroplex82nDr0nDe1,30,11.105263,18.541565,8.199899,4,2
grid81nDr0nDe1,30,6.686717,24.116391,2.479625,4,1
grid60nDr0nDe1,30,7.313283,20.908894,9.841252,4,2
grid81nDr0nDe2,30,12.994987,2.691461,1.161100,4,2
metroplex82nDr0nDe2,30,16.766917,32.549204,16.592937,4,2
metroplex82nDr0nDe3,30,14.353383,40.415171,22.397892,4,2
grid74nDr0nDe2,30,5.711779,343.519195,1.675309,15,1
metroplex83nDr0nDe1,30,4.832080,26.112858,1.650554,5,1
grid4nDr0nDe2,30,0.791980,733.982857,1.463449,21,1
airport80nDr0nDe1,30,0.385965,8.929766,0.675957,4,1
airport80nDr0nDe2,30,1.761905,11.037023,1.069118,4,1
airport82nDr0nDe1,30,0.333333,9.993843,0.877279,4,1
grid5nDr0nDe3,30,5.022556,240.284015,1.739302,10,1
metroplex84nDr0nDe1,30,4.892231,27.143924,2.360782,5,1
airport79nDr0nDe1,30,0.516291,11.623996,1.088394,4,1
metroplex85nDr0nDe3,30,10.147574,1.069863,0.212873,4,1
metroplex85nDr0nDe1,30,2.641604,31.326093,22.262612,4,3
metroplex83nDr0nDe2,30,4.929825,39.082610,2.139411,5,1
metroplex84nDr0nDe2,30,6.416040,27.888695,2.094087,5,1
metroplex83nDr0nDe3,30,5.824561,36.638566,2.220799,5,1
metroplex85nDr0nDe2,30,7.466165,29.482594,21.935162,4,3
airport85nDr0nDe3,30,3.380952,17.910531,2.839952,4,1
grid65nDr0nDe2,30,10.601504,714.848989,1.860464,21,1
metroplex86nDr0nDe1,30,5.952381,6.452226,2.747165,4,2
metroplex86nDr0nDe2,30,9.283182,17.506771,1.791367,5,1
metroplex84nDr0nDe3,30,11.355890,91.864500,4.748185,5,1
airport82nDr0nDe3,30,1.909774,2.312842,0.229101,4,1
airport86nDr0nDe1,30,0.927318,5.187050,0.496348,4,1
grid79nDr0nDe1,30,3.238095,14.620864,10.366301,4,3
metroplex86nDr0nDe3,30,15.140351,0.529747,0.175511,4,1
airport82nDr0nDe2,30,1.749373,8.589381,0.655064,4,1
grid78nDr0nDe1,30,4.972431,48.133332,3.355339,6,1
airport86nDr0nDe3,30,1.593985,8.771605,0.607456,4,1
grid85nDr0nDe3,30,12.796992,1.725842,0.215898,6,1
airport73nDr0nDe2,30,2.047619,12.786389,1.125724,4,1
metroplex87nDr0nDe1,30,8.641604,2.664438,0.383158,4,1
metroplex87nDr0nDe2,30,10.789474,13.845111,7.815233,5,3
airport80nDr0nDe3,30,2.238095,10.080448,0.810646,4,1
airport87nDr0nDe1,30,1.203008,9.733203,0.351914,4,1
airport67nDr0nDe1,30,1.809524,12.952977,1.204489,4,1
metroplex87nDr0nDe3,30,13.190476,24.966175,12.706279,5,3
grid80nDr0nDe1,30,3.766917,50.440041,1.674682,6,1
airport85nDr0nDe1,30,1.857143,14.829361,5.695053,4,2
grid73nDr0nDe2,30,1.416040,23.580614,9.785338,4,2
grid87nDr0nDe1,30,13.754386,12.975664,1.242292,5,1
airport86nDr0nDe2,30,1.413534,4.058826,0.387852,4,1
grid82nDr0nDe1,30,11.536341,90.836934,1.697967,8,1
metroplex88nDr0nDe2,30,5.027569,19.017887,14.281725,4,3
grid80nDr0nDe2,30,17.110276,39.157050,5.755250,5,1
airport85nDr0nDe2,30,3.285714,15.362792,1.362476,4,1
metroplex88nDr0nDe1,30,6.694236,35.646742,17.644937,4,2
airport71nDr0nDe2,30,1.160401,6.815811,0.522872,4,1
grid67nDr0nDe1,30,13.676692,18.579809,8.330685,4,2
airport87nDr0nDe2,30,2.548872,14.040466,0.818558,4,1
grid86nDr0nDe2,30,2.754386,2.941324,0.290781,5,1
airport84nDr0nDe1,30,1.541353,11.349548,0.531347,4,1
grid71nDr0nDe2,30,3.724310,22.845584,16.083988,4,3
metroplex89nDr0nDe1,30,6.243108,30.456131,3.012184,5,1
airport87nDr0nDe3,30,1.115288,16.997485,1.403573,4,1
metroplex89nDr0nDe2,30,3.506266,24.667803,6.994940,5,2
metroplex89nDr0nDe3,30,3.982456,27.462263,15.656560,5,3
grid86nDr0nDe3,30,16.912281,25.015240,1.626006,6,1
airport84nDr0nDe2,30,1.656642,11.115474,0.835317,4,1
metroplex88nDr0nDe3,30,12.045113,22.292567,10.534178,5,3
grid82nDr0nDe2,30,12.822055,21.169983,1.496855,5,1
airport83nDr0nDe1,30,0.571429,9.977214,0.917213,4,1
grid86nDr0nDe1,30,4.491228,24.443672,1.274967,5,1
metroplex8nDr0nDe1,30,3.681704,27.496923,11.227610,4,2
airport7nDr0nDe3,30,2.015038,3.725223,0.247417,4,1
airport88nDr0nDe2,30,0.714286,14.152554,1.036093,4,1
airport79nDr0nDe2,30,2.448622,16.555085,1.429430,4,1
grid7nDr0nDe3,30,5.877193,3.921172,0.137756,14,1
grid80nDr0nDe3,30,1.634085,647.199942,2.860547,21,1
metroplex90nDr0nDe1,30,8.586466,21.297788,17.960700,4,3
grid85nDr0nDe1,30,4.152882,16.256150,1.866343,4,1
airport8nDr0nDe2,30,0.591479,13.248126,0.860668,4,1
airport8nDr0nDe3,30,2.471178,11.452847,0.926097,4,1
metroplex90nDr0nDe2,30,14.947368,35.416279,2.223260,5,1
airport88nDr0nDe1,30,1.729323,10.091843,0.899181,4,1
metroplex91nDr0nDe2,30,3.979950,25.918723,10.127171,4,2
metroplex8nDr0nDe3,30,6.203008,336.409865,1.650007,11,1
airport90nDr0nDe1,30,1.360902,2.285866,0.190795,4,1
grid79nDr0nDe2,30,1.864662,24.371931,1.904217,5,1
airport8nDr0nDe1,30,0.438596,12.443541,0.817109,4,1
grid84nDr0nDe2,30,4.095238,72.502709,1.745180,11,1
grid84nDr0nDe1,30,4.654135,21.073675,8.644315,4,2
airport93nDr0nDe1,30,0.390977,9.773634,0.521809,4,1
airport91nDr0nDe1,30,1.095238,8.584263,0.623194,4,1
metroplex8nDr0nDe2,30,10.070175,116.783170,1.598589,6,1
metroplex90nDr0nDe3,30,14.887218,238.277386,30.716043,7,1
airport83nDr0nDe3,30,1.699248,3.807100,0.224841,4,1
grid89nDr0nDe3,30,13.223058,64.460350,28.841085,4,2
metroplex92nDr0nDe2,30,6.631579,2.528880,1.308502,4,2
grid90nDr0nDe1,30,6.403509,3.545489,2.526349,4,3
grid88nDr0nDe2,30,4.834586,657.620802,3.709109,21,1
metroplex92nDr0nDe3,30,13.037594,7.813427,5.843009,4,3
airport92nDr0nDe2,30,1.781955,1.151277,0.154856,4,1
grid92nDr0nDe1,30,1.395990,4.519487,0.315094,8,1
grid85nDr0nDe2,30,6.310777,391.779770,3.615042,12,1
grid87nDr0nDe3,30,14.463659,58.440758,1.892378,10,1
airport93nDr0nDe2,30,0.666667,10.559470,1.133895,4,1
metroplex93nDr0nDe1,30,5.285714,23.002701,3.010547,4,1
metroplex91nDr0nDe1,30,18.751880,166.581272,30.983097,6,1
grid88nDr0nDe1,30,1.771930,116.133031,1.315411,15,1
metroplex93nDr0nDe2,30,8.947368,22.032103,9.318005,5,3
airport73nDr0nDe3,30,1.523810,10.805048,1.126164,4,1
metroplex93nDr0nDe3,30,6.032581,35.004314,23.233563,5,3
airport93nDr0nDe3,30,1.142857,9.886329,0.994346,4,1
metroplex94nDr0nDe1,30,10.250627,21.768724,21.707879,4,4
grid82nDr0nDe3,30,13.192982,672.687685,5.219287,21,1
grid92nDr0nDe2,30,7.749373,2.898311,1.351483,4,2
airport71nDr0nDe3,30,2.714286,5.001161,0.558963,4,1
grid92nDr0nDe3,30,8.315789,1.965120,0.359519,4,1
metroplex94nDr0nDe2,30,5.210526,47.638281,4.518132,5,1
metroplex95nDr0nDe2,30,4.155388,1.255812,0.246857,4,1
metroplex95nDr0nDe1,30,5.634060,9.804849,4.459282,6,3
metroplex91nDr0nDe3,30,15.355890,173.322845,30.639027,5,1
airport88nDr0nDe3,30,2.000000,14.645081,1.330242,4,1
airport96nDr0nDe2,30,2.824561,8.811330,0.919755,4,1
airport94nDr0nDe1,30,0.726817,5.452451,0.451828,4,1
airport78nDr0nDe2,30,2.142857,15.106539,6.490990,4,2
metroplex95nDr0nDe3,30,8.090226,0.515782,0.127081,4,1
airport96nDr0nDe3,30,1.541353,3.231815,0.375234,4,1
airport96nDr0nDe1,30,0.476190,10.229627,0.762461,4,1
grid83nDr0nDe3,30,5.864662,112.231184,1.917827,9,1
metroplex96nDr0nDe1,30,3.669173,32.251611,18.028252,5,3
airport95nDr0nDe1,30,0.822055,2.175949,0.167386,4,1
metroplex94nDr0nDe3,30,6.872180,126.459539,105.798561,10,7
grid8nDr0nDe1,30,3.406015,83.830515,1.350136,6,1
airport91nDr0nDe2,30,0.476190,10.578885,1.170358,4,1
airport84nDr0nDe3,30,1.095238,10.815807,1.115037,4,1
airport94nDr0nDe3,30,1.488722,5.355302,0.312904,4,1
grid91nDr0nDe2,30,4.894737,150.369757,3.105016,7,1
grid95nDr0nDe1,30,2.766917,44.231040,0.654660,10,1
grid95nDr0nDe3,30,13.310777,24.986134,3.042675,9,2
grid95nDr0nDe2,30,4.461153,25.490118,0.933734,7,1
grid73nDr0nDe3,30,2.300752,62.705341,3.188083,6,1
grid89nDr0nDe2,30,6.947368,701.162135,1.904622,21,1
airport95nDr0nDe2,30,1.012531,2.704625,0.170305,4,1
grid78nDr0nDe2,30,6.802005,34.007097,3.555809,5,1
metroplex96nDr0nDe2,30,6.498721,22.006044,21.895046,4,4
grid84nDr0nDe3,30,8.892231,131.057891,8.581965,21,2
airport97nDr0nDe1,30,1.385965,10.816667,0.702441,4,1
grid89nDr0nDe1,30,12.486216,766.294382,4.517602,21,1
grid90nDr0nDe2,30,3.087719,202.387633,1.014761,8,1
grid93nDr0nDe3,30,15.025063,390.227698,2.805472,14,1
grid94nDr0nDe1,30,2.408521,338.161522,1.994324,14,1
grid93nDr0nDe1,30,1.781955,595.027098,3.254354,21,1
metroplex97nDr0nDe1,30,4.586466,32.222516,9.185480,6,2
metroplex96nDr0nDe3,30,7.486216,27.094628,14.997067,5,3
grid96nDr0nDe1,30,1.358396,15.604904,1.147074,4,1
grid71nDr0nDe3,30,10.408521,57.574403,7.365756,5,1
grid88nDr0nDe3,30,7.177945,745.341961,3.289122,21,1
metroplex97nDr0nDe3,30,11.786967,15.706013,7.311388,4,2
metroplex98nDr0nDe1,30,3.837093,7.405258,1.041052,4,1
airport83nDr0nDe2,30,7.070175,10.127332,0.843735,4,1
metroplex97nDr0nDe2,30,9.636591,40.513026,33.138083,5,4
airport79nDr0nDe3,30,2.333333,15.863145,1.278873,4,1
airport99nDr0nDe1,30,0.095238,13.384766,0.964375,4,1
grid94nDr0nDe2,30,3.112782,684.435671,2.024864,21,1
airport98nDr0nDe3,30,1.488722,5.302800,0.309342,4,1
metroplex98nDr0nDe2,30,8.721805,20.796870,20.703269,4,4
airport97nDr0nDe2,30,0.714286,12.203315,0.612860,4,1
grid97nDr0nDe3,30,11.807018,23.922102,2.847248,4,1
airport98nDr0nDe1,30,1.190476,7.222905,0.511682,4,1
metroplex98nDr0nDe3,30,17.719298,19.130818,2.777031,4,1
grid98nDr0nDe1,30,5.982456,174.490509,1.301048,21,1
metroplex99nDr0nDe1,30,3.834586,1.453733,0.189382,4,1
airport97nDr0nDe3,30,1.095238,12.780385,1.193419,4,1
airport9nDr0nDe1,30,0.952381,15.007743,1.665178,4,1
grid97nDr0nDe1,30,2.438596,28.417215,1.188161,7,1
airport9nDr0nDe2,30,1.333333,17.476467,1.197944,4,1
airport9nDr0nDe3,30,1.523810,12.910818,1.367828,4,1
airport99nDr0nDe2,30,1.834586,0.788900,0.078168,4,1
grid96nDr0nDe2,30,1.591479,24.818836,0.786743,5,1
grid79nDr0nDe3,30,7.260652,291.440675,1.644044,14,1
grid98nDr0nDe2,30,8.155388,18.232788,7.290243,4,2
airport99nDr0nDe3,30,1.285714,7.709721,0.697717,4,1
metroplex9nDr0nDe1,30,11.140351,21.434266,8.370105,4,2
grid99nDr0nDe2,30,3.040100,1.128036,0.166002,4,1
grid99nDr0nDe3,30,3.325815,1.179088,0.198238,4,1
airport95nDr0nDe3,30,1.488722,2.039218,0.269542,4,1
metroplex9nDr0nDe2,30,7.884712,24.786950,2.409074,4,1
metroplex9nDr0nDe3,30,15.140351,36.044675,16.411186,4,2
grid9nDr0nDe1,30,3.481203,6.587629,0.618995,4,1
grid96nDr0nDe3,30,1.741855,19.362869,1.641553,5,1
airport90nDr0nDe3,30,1.814536,2.093086,0.264907,4,1
grid83nDr0nDe2,30,9.152882,167.277725,2.193012,7,1
airport63nDr0nDe3,30,1.488722,1.573885,0.148896,4,1
airport91nDr0nDe3,30,1.904762,11.087178,0.985468,4,1
airport98nDr0nDe2,30,1.380952,10.181383,0.444922,4,1
grid63nDr0nDe3,30,20.456140,8.925688,0.816026,5,1
airport94nDr0nDe2,30,0.809524,12.275341,0.871048,4,1
grid90nDr0nDe3,30,17.573935,7.063072,3.045681,4,2
grid99nDr0nDe1,30,9.323308,21.028061,8.371865,4,2
grid97nDr0nDe2,30,11.045113,16.828395,6.831206,4,2
grid98nDr0nDe3,30,14.431078,36.995197,1.676735,7,1
grid8nDr0nDe3,30,8.711779,27.852128,2.253648,5,1
airport90nDr0nDe2,30,1.551378,1.378804,0.172560,4,1
grid9nDr0nDe2,30,5.679198,689.097772,1.699952,21,1
grid94nDr0nDe3,30,3.398496,248.803848,1.263161,11,1
airport92nDr0nDe1,30,3.140351,5.702732,0.501400,4,1
grid8nDr0nDe2,30,7.132832,125.792991,0.975063,15,1
grid9nDr0nDe3,30,5.283208,673.506108,3.662175,21,1
grid93nDr0nDe2,30,2.721805,571.061682,1.501548,20,1
grid91nDr0nDe1,30,0.819549,138.205135,1.797075,12,1
airport92nDr0nDe3,30,2.067669,0.931687,0.115304,4,1
grid91nDr0nDe3,30,5.368421,17.848045,1.273171,5,1
