instance,result,elapsedTime,totalSolveTime,totalTime,nvars,snvars,ncons,sncons,reduceTini
airport25,+Inf,0.323315,0.057630,0.380945,38337,4684,15431,15431,0
airport66,+Inf,1.381754,0.073532,1.455286,103560,7182,25916,25916,0
airport32,0.947368,0.569907,0.196831,0.766738,56789,5076,18113,18113,0
airport45,+Inf,0.804520,0.076821,0.881341,69359,6791,24172,24172,0
airport47,+Inf,0.451381,0.155651,0.607032,45203,7885,25260,25260,0
airport49,+Inf,0.820786,0.103103,0.923889,74162,8182,28876,28876,0
airport27,+Inf,0.597071,0.082761,0.679832,71850,6121,22435,22435,0
airport67,+Inf,0.497638,0.070311,0.567949,43543,6232,20383,20383,0
airport31,+Inf,0.978104,0.097153,1.075257,80176,9348,34210,34210,0
airport48,+Inf,0.544487,0.189507,0.733994,56367,9780,35103,35103,0
airport13,+Inf,0.860280,0.190861,1.051141,73442,10099,35086,35086,0
airport43,+Inf,0.391618,0.068050,0.459668,43583,6570,23039,23039,0
airport15,1.210526,0.491290,0.190028,0.681318,41512,6818,24156,24156,0
airport19,+Inf,1.079364,0.168785,1.248149,69655,11520,39012,39012,0
airport34,+Inf,0.445477,0.055177,0.500654,49707,5589,21566,21566,0
airport58,+Inf,0.426799,0.068839,0.495638,48915,6634,22136,22136,0
airport68,+Inf,0.562022,0.227150,0.789172,60242,9804,30932,30932,0
airport40,+Inf,0.471605,0.085645,0.557250,51506,6895,23482,23482,0
airport2,1.157895,0.443430,0.165278,0.608708,54106,4837,17354,17354,0
airport59,2.413995,0.453550,0.317500,0.771050,48200,5128,17253,17253,0
airport64,1.349042,0.424909,0.244541,0.669450,47253,6770,23039,23039,0
airport11,+Inf,1.029742,0.125564,1.155306,91144,9711,35696,35696,0
airport18,+Inf,0.552470,0.052532,0.605002,65196,6497,22807,22807,0
airport56,+Inf,0.784574,0.039119,0.823693,59979,5980,20863,20863,0
airport28,+Inf,0.447154,0.051362,0.498516,44716,4335,15227,15227,0
airport54,+Inf,1.028383,0.081180,1.109563,88934,9979,36544,36544,0
airport61,+Inf,0.525179,0.051080,0.576259,63982,5701,21069,21069,0
airport30,+Inf,0.469630,0.153147,0.622777,52942,7226,25031,25031,0
airport60,+Inf,0.684948,0.059179,0.744127,60141,7499,28570,28570,0
airport17,1.210526,1.435982,0.678635,2.114617,94153,8521,31423,31423,0
airport57,1.473684,1.026643,0.184927,1.211570,71946,5894,21242,21242,0
airport44,1.105263,0.658928,0.274877,0.933805,80422,6014,21321,21321,0
airport33,+Inf,1.352193,0.083339,1.435532,90794,9903,36546,36546,0
airport21,0.631579,0.532438,0.197690,0.730128,47691,5202,19346,19346,0
airport52,+Inf,0.839672,0.166040,1.005712,69494,7806,27157,27157,0
airport4,+Inf,0.525006,0.163521,0.688527,50991,7865,24509,24509,0
airport14,+Inf,0.599123,0.065644,0.664767,57034,7415,28882,28882,0
airport20,+Inf,0.752405,0.107489,0.859894,53071,7235,24500,24500,0
airport38,+Inf,0.769184,0.231001,1.000185,48306,9975,27420,27420,0
airport5,2.189025,0.885055,0.407212,1.292267,68123,5861,21487,21487,0
airport35,+Inf,1.593939,0.091583,1.685522,101712,11110,42421,42421,0
airport24,+Inf,1.496995,0.167872,1.664867,92351,10491,39798,39798,0
airport50,2.092732,0.564017,0.367752,0.931769,61646,6623,23767,23767,0
airport65,1.285714,0.783581,0.246605,1.030186,65051,6133,22671,22671,0
airport41,+Inf,1.006314,0.098969,1.105283,62789,7610,25593,25593,0
airport53,+Inf,1.239329,0.062753,1.302082,97629,7971,30123,30123,0
airport0,+Inf,1.224974,0.193798,1.418772,92988,11220,40194,40194,0
airport16,1.049786,1.085622,0.454927,1.540549,81726,8886,31698,31698,0
airport1,2.728319,1.421641,0.667439,2.089080,95957,11003,39042,39042,0
airport55,+Inf,1.117044,0.067716,1.184760,88915,6538,23477,23477,0
airport63,2.094756,1.031158,0.477188,1.508346,84169,6404,22967,22967,0
airport29,+Inf,1.305093,0.463619,1.768712,89848,14004,46899,46899,0
airport51,1.526316,1.771503,0.382665,2.154168,102510,7484,27656,27656,0
airport37,1.157895,1.552241,0.727718,2.279959,98424,8372,30393,30393,0
airport39,+Inf,1.900103,0.140612,2.040715,105129,12257,45082,45082,0
airport3,0.631579,1.528960,0.493519,2.022479,102293,7873,29132,29132,0
airport36,+Inf,1.525102,0.400181,1.925283,100012,9555,36046,36046,0
airport10,+Inf,2.084509,0.077630,2.162139,114032,9412,34889,34889,0
airport6,+Inf,0.868346,0.071669,0.940015,103816,10179,40633,40633,0
airport78,1.000000,0.383521,0.194403,0.577924,42801,6487,22242,22242,0
airport72,0.789474,0.375850,0.126187,0.502037,37675,3935,13684,13684,0
airport71,+Inf,0.801367,0.208595,1.009962,89512,10842,37819,37819,0
airport74,1.210526,0.669249,0.145300,0.814549,53188,4886,17014,17014,0
airport77,+Inf,0.604257,0.050804,0.655061,66825,7627,29771,29771,0
airport87,+Inf,0.365871,0.064409,0.430280,40486,5412,21680,21680,0
airport97,+Inf,0.284433,0.066795,0.351228,32101,4730,16623,16623,0
airport73,1.771652,0.981438,0.492781,1.474219,77506,7420,26597,26597,0
airport80,+Inf,1.081876,0.169242,1.251118,66927,10613,34061,34061,0
airport82,+Inf,0.841135,0.085132,0.926267,74486,8752,31458,31458,0
airport12,+Inf,3.760931,0.200430,3.961361,132591,12880,50173,50173,0
airport81,0.842105,0.413771,0.194089,0.607860,47451,4735,16945,16945,0
airport92,+Inf,0.624481,0.090473,0.714954,58964,7183,24456,24456,0
airport62,15.979392,2.141344,2.631638,4.772982,95682,17257,51378,51378,0
airport86,+Inf,0.796873,0.240833,1.037706,80369,8940,32601,32601,0
airport75,+Inf,1.145117,0.077333,1.222450,94671,8933,31661,31661,0
airport8,2.992481,0.988564,0.289570,1.278134,75803,5954,21587,21587,0
airport91,+Inf,0.456487,0.055679,0.512166,47613,4745,17270,17270,0
airport84,+Inf,0.602264,0.070093,0.672357,66266,7208,26624,26624,0
airport85,+Inf,1.916591,0.155318,2.071909,120366,12851,46949,46949,0
airport96,+Inf,0.693180,0.253118,0.946298,51823,9308,28150,28150,0
airport95,1.473684,0.688133,0.310886,0.999019,67016,8966,29949,29949,0
airport99,+Inf,0.708775,0.078820,0.787595,59959,7739,27062,27062,0
airport98,+Inf,1.299753,0.083817,1.383570,91488,10042,37237,37237,0
airport88,7.896469,1.424415,0.821931,2.246346,89364,12271,41812,41812,0
airport79,1.000000,1.153555,0.819032,1.972587,97532,8850,35046,35046,0
airport70,+Inf,2.361719,0.734265,3.095984,88006,17695,54893,54893,0
airport7,+Inf,1.661268,0.280596,1.941864,86148,11101,40172,40172,0
airport93,+Inf,1.398118,0.168690,1.566808,95770,9413,33752,33752,0
airport9,+Inf,1.477669,0.252950,1.730619,92249,13097,45929,45929,0
airport94,+Inf,2.114766,0.062079,2.176845,112494,9484,35055,35055,0
airport76,8.012270,1.188674,0.745640,1.934314,90249,9358,33737,33737,0
airport90,0.789474,1.711899,0.445660,2.157559,101409,7511,27282,27282,0
airport83,1.531004,1.398754,0.987729,2.386483,94916,12478,42225,42225,0
grid14,+Inf,1.748544,0.093431,1.841975,199557,10519,37172,37172,0
grid11,+Inf,4.595787,0.288655,4.884442,371050,20739,79886,79886,0
grid13,+Inf,4.512196,0.136549,4.648745,297037,14867,57099,57099,0
grid0,2.473684,3.865356,0.963219,4.828575,352401,11423,41337,41337,0
grid12,+Inf,5.813416,0.424705,6.238121,416947,20309,79135,79135,0
grid2,+Inf,2.302532,0.274146,2.576678,255024,17267,63734,63734,0
grid22,+Inf,3.651662,0.178242,3.829904,377268,16242,62781,62781,0
grid18,+Inf,2.149553,0.216755,2.366308,238541,12403,44855,44855,0
grid10,25.013368,6.333001,2.329181,8.662182,438268,14812,55536,55536,0
grid15,6.854637,2.216758,0.439531,2.656289,227548,8202,28170,28170,0
grid26,47.426065,2.247605,0.813408,3.061013,204809,8884,31218,31218,0
grid29,+Inf,6.254810,0.223344,6.478154,422079,19515,75938,75938,0
grid47,+Inf,2.537595,0.613856,3.151451,221458,20668,66206,66206,0
grid48,+Inf,2.459847,0.126886,2.586733,281626,13192,48650,48650,0
grid17,+Inf,7.092295,0.342661,7.434956,442847,18369,72748,72748,0
grid23,+Inf,2.653396,0.137696,2.791092,283258,14542,55588,55588,0
grid30,+Inf,3.056133,0.262485,3.318618,290942,15089,56366,56366,0
grid51,+Inf,3.881394,0.251583,4.132977,367184,17187,66541,66541,0
grid64,+Inf,2.729132,0.079233,2.808365,249841,10938,39480,39480,0
grid19,+Inf,2.511840,0.429702,2.941542,223503,15717,55902,55902,0
grid67,+Inf,2.045374,0.154902,2.200276,195580,12902,46226,46226,0
grid1,+Inf,4.607021,0.303709,4.910730,381835,16644,64272,64272,0
grid21,+Inf,2.598290,0.942390,3.540680,211815,14780,52246,52246,0
grid32,21.228070,2.698224,2.332652,5.030876,268957,11682,42591,42591,0
grid44,+Inf,7.439564,0.222170,7.661734,440669,23384,97883,97883,0
grid54,+Inf,4.713156,0.169743,4.882899,376569,16100,61627,61627,0
grid49,+Inf,2.736604,0.139366,2.875970,291800,12963,48886,48886,0
grid60,+Inf,2.757547,0.346429,3.103976,302300,17789,66032,66032,0
grid4,+Inf,2.215762,0.095412,2.311174,221336,10189,36751,36751,0
grid33,+Inf,4.552382,0.141103,4.693485,320135,13050,49197,49197,0
grid16,28.483709,4.388388,6.946928,11.335316,405029,17056,66503,66503,0
grid24,+Inf,5.697537,0.632199,6.329736,371688,21863,84977,84977,0
grid36,+Inf,5.434835,0.463782,5.898617,356207,26742,106071,106071,0
grid62,+Inf,4.193505,0.284815,4.478320,321160,17367,66475,66475,0
grid27,+Inf,3.439868,0.203013,3.642881,310378,15969,60582,60582,0
grid5,+Inf,4.015514,0.435557,4.451071,346832,21518,80566,80566,0
grid35,+Inf,3.778488,0.248769,4.027257,415026,17517,67389,67389,0
grid55,+Inf,4.380734,0.375131,4.755865,265052,19456,69543,69543,0
grid68,+Inf,2.768205,0.326117,3.094322,210159,16916,62708,62708,0
grid56,+Inf,1.679094,0.100537,1.779631,180282,8905,31193,31193,0
grid39,+Inf,6.895042,0.573293,7.468335,422166,26513,99788,99788,0
grid31,+Inf,3.312275,0.405979,3.718254,348954,23105,87719,87719,0
grid45,+Inf,5.871489,0.432849,6.304338,325125,22815,86463,86463,0
grid53,+Inf,5.836689,0.290955,6.127644,440685,20168,80819,80819,0
grid25,105.070032,1.624976,7.314139,8.939115,163082,9366,33910,33910,0
grid69,+Inf,2.204545,0.120514,2.325059,210805,11719,42823,42823,0
grid76,+Inf,3.187173,0.386152,3.573325,348329,18135,69641,69641,0
grid74,+Inf,3.241124,0.175762,3.416886,240514,13869,50369,50369,0
grid3,2.070525,4.384634,2.085418,6.470052,376597,14785,56155,56155,0
grid72,+Inf,3.125311,0.650844,3.776155,256086,19589,71338,71338,0
grid34,33.649123,2.628816,3.717188,6.346004,260422,15141,56123,56123,0
grid75,+Inf,6.506449,0.617001,7.123450,413150,22115,86301,86301,0
grid8,+Inf,2.770175,0.178966,2.949141,277354,13874,52500,52500,0
grid57,8.924812,2.906950,12.163622,15.070572,291324,12074,45415,45415,0
grid84,+Inf,4.379488,0.307433,4.686921,278466,20392,79174,79174,0
grid80,+Inf,4.299610,0.639199,4.938809,315483,20209,77749,77749,0
grid78,+Inf,4.790948,0.370378,5.161326,272856,17993,67514,67514,0
grid82,+Inf,3.372667,0.167900,3.540567,374611,16378,62881,62881,0
grid70,+Inf,3.358288,0.224069,3.582357,367530,18628,72377,72377,0
grid7,+Inf,7.039519,0.234021,7.273540,480922,21663,85204,85204,0
grid71,+Inf,8.483046,0.347056,8.830102,415315,23642,93166,93166,0
grid93,+Inf,4.397589,0.406607,4.804196,380418,19855,77833,77833,0
grid90,+Inf,4.942636,0.271503,5.214139,426311,19823,78956,78956,0
metroplex13,+Inf,3.539988,0.166475,3.706463,270653,11741,40151,40151,0
grid87,+Inf,3.007529,1.385332,4.392861,311454,27831,101653,101653,0
grid97,+Inf,2.079341,0.163108,2.242449,209535,12437,43942,43942,0
grid73,+Inf,4.104138,1.132649,5.236787,304720,18938,71200,71200,0
grid98,+Inf,5.167545,0.875499,6.043044,443044,21863,86679,86679,0
grid9,+Inf,5.444296,0.159732,5.604028,301122,19012,77010,77010,0
grid96,+Inf,1.955028,0.173642,2.128670,207019,9881,35698,35698,0
grid81,+Inf,3.508016,0.224876,3.732892,301833,14782,56115,56115,0
grid86,+Inf,4.903174,0.510535,5.413709,508056,22029,86901,86901,0
metroplex14,+Inf,2.615514,0.244174,2.859688,186339,12110,38932,38932,0
grid85,+Inf,5.794301,0.173561,5.967862,420621,18173,71034,71034,0
metroplex15,+Inf,3.744039,0.405326,4.149365,229023,12314,39889,39889,0
grid6,+Inf,4.870830,0.460920,5.331750,353360,22127,85839,85839,0
grid66,5.382231,7.801748,11.456216,19.257964,457422,22648,88376,88376,0
metroplex0,+Inf,8.395570,0.307354,8.702924,374094,17272,62680,62680,0
metroplex17,+Inf,5.335161,1.299963,6.635124,349207,13353,49825,49825,0
grid28,+Inf,1.977755,0.155735,2.133490,201468,11811,43134,43134,0
metroplex12,23.066549,9.231982,5.006523,14.238505,572001,13946,52958,52958,0
metroplex40,+Inf,2.085068,0.063444,2.148512,212909,7264,24245,24245,0
metroplex24,+Inf,7.442709,0.216972,7.659681,502369,15220,57768,57768,0
metroplex11,+Inf,9.778602,0.257776,10.036378,415293,15419,57031,57031,0
metroplex18,10.197995,4.057930,16.787962,20.845892,339591,11506,41642,41642,0
metroplex25,+Inf,1.730088,0.253794,1.983882,145396,9977,29140,29140,0
metroplex23,+Inf,7.744056,0.363529,8.107585,349831,15546,54906,54906,0
metroplex43,+Inf,2.141960,0.059234,2.201194,229713,6871,22383,22383,0
metroplex46,+Inf,4.977785,0.206760,5.184545,407374,14603,53219,53219,0
grid89,13.057644,4.088446,2.996320,7.084766,286204,15636,58578,58578,0
grid46,10.305813,3.482631,20.170166,23.652797,314401,16266,62785,62785,0
grid83,5.874919,6.635074,20.152392,26.787466,410294,21001,82124,82124,0
metroplex54,+Inf,11.389642,0.222600,11.612242,620082,16752,63727,63727,0
metroplex29,10.842105,7.142875,2.703183,9.846058,476939,12693,46754,46754,0
grid91,+Inf,3.051186,0.260537,3.311723,269074,15064,55516,55516,0
metroplex41,+Inf,11.290013,0.240596,11.530609,540222,18818,72375,72375,0
metroplex45,+Inf,15.682462,0.849196,16.531658,286413,21284,68319,68319,0
metroplex26,+Inf,2.273722,1.192551,3.466273,212967,10687,35576,35576,0
metroplex68,+Inf,3.270080,0.248774,3.518854,225387,12321,43046,43046,0
metroplex63,+Inf,8.182021,0.204640,8.386661,465531,14664,55004,55004,0
metroplex67,47.295514,2.457294,2.135957,4.593251,208384,8785,29421,29421,0
metroplex53,+Inf,30.854652,1.663086,32.517738,506152,28172,96000,96000,0
metroplex44,14.419742,5.227354,16.469104,21.696458,330342,11233,39452,39452,0
metroplex27,+Inf,5.177813,0.355788,5.533601,277378,14522,50385,50385,0
grid92,+Inf,3.848927,0.312526,4.161453,291856,17686,65621,65621,0
metroplex61,+Inf,4.210609,0.992987,5.203596,383377,11940,42447,42447,0
metroplex72,2.696742,3.314476,2.685521,5.999997,257279,8562,29368,29368,0
metroplex64,+Inf,3.019752,0.105437,3.125189,269018,8059,26782,26782,0
metroplex74,4.857143,2.089851,0.634719,2.724570,188405,5922,19707,19707,0
metroplex39,9.342143,5.041105,6.842241,11.883346,387382,10123,36021,36021,0
metroplex84,+Inf,4.829716,0.182247,5.011963,317212,12476,43412,43412,0
metroplex80,7.404635,9.386703,7.189186,16.575889,399517,14462,52350,52350,0
metroplex75,+Inf,5.244120,0.110878,5.354998,421985,10501,37386,37386,0
metroplex86,+Inf,11.353228,0.517453,11.870681,492317,22804,85438,85438,0
metroplex73,+Inf,6.480172,1.013341,7.493513,279251,16446,55311,55311,0
metroplex7,16.733530,7.312465,12.945121,20.257586,488214,12053,43863,43863,0
metroplex56,4.639098,2.699513,1.083853,3.783366,258085,8133,27895,27895,0
metroplex95,+Inf,6.422323,0.441123,6.863446,354214,17406,59953,59953,0
grid59,+Inf,1.753001,0.086369,1.839370,173683,9088,32734,32734,0
metroplex31,8.746867,4.470141,34.995794,39.465935,354544,13919,49489,49489,0
metroplex83,3.433322,8.845196,1.586493,10.431689,542374,11430,40461,40461,0
metroplex69,13.356726,3.018015,40.445994,43.464009,224192,9251,31757,31757,0
metroplex98,+Inf,10.847251,0.337419,11.184670,477837,18106,66746,66746,0
metroplex88,+Inf,5.479047,1.443955,6.923002,360594,14552,53301,53301,0
metroplex3,8.446115,16.069545,50.052948,66.122493,592160,16620,62888,62888,0
metroplex62,2.157895,8.965623,1.294992,10.260615,467432,11957,43690,43690,0
metroplex38,2.947369,1.887451,1.001681,2.889132,195827,6628,21238,21238,0
grid52,+Inf,3.234715,0.345922,3.580637,313242,15182,57829,57829,0
metroplex89,+Inf,4.906379,16.251820,21.158199,316363,13499,48025,48025,0
metroplex28,+Inf,3.180879,0.280944,3.461823,202330,12316,39825,39825,0
metroplex21,+Inf,2.336067,0.174757,2.510824,220842,9909,31755,31755,0
metroplex81,16.302476,6.131973,94.928365,101.060338,321594,12946,45415,45415,0
metroplex10,19.418546,7.394671,212.488173,219.882844,464606,12450,45496,45496,0
grid50,+Inf,4.708576,1.470140,6.178716,371019,18127,70138,70138,0
grid37,+Inf,3.055013,0.225120,3.280133,349844,18725,72908,72908,0
metroplex20,+Inf,45.112965,2.252373,47.365338,448816,27450,92814,92814,0
metroplex33,5.438596,3.772098,9.754786,13.526884,440694,13907,51216,51216,0
metroplex59,+Inf,2.258782,0.162040,2.420822,188336,9377,30186,30186,0
grid94,73.090225,5.092253,412.480138,417.572391,440358,20618,82349,82349,0
metroplex5,23.040100,2.957906,474.689424,477.647330,336610,8307,28310,28310,0
metroplex97,+Inf,1.398199,0.066162,1.464361,161537,6585,21600,21600,0
metroplex92,+Inf,2.704018,0.061132,2.765150,241038,7820,26561,26561,0
metroplex91,78.909940,3.252349,216.464673,219.717022,282827,11678,42233,42233,0
metroplex22,30.826990,4.199923,88.337372,92.537295,433209,16069,60310,60310,0
metroplex71,46.134206,12.927614,752.617099,765.544713,479243,20853,75723,75723,0
metroplex9,+Inf,5.895156,1.292120,7.187276,331411,14854,51859,51859,0
metroplex8,7.629073,3.296070,1.064184,4.360254,319053,7341,24128,24128,0
metroplex99,+Inf,3.242073,0.101426,3.343499,284148,10131,35205,35205,0
metroplex58,+Inf,25.314008,0.459315,25.773323,467331,21973,82539,82539,0
metroplex65,+Inf,8.836692,0.711730,9.548422,243614,19047,57821,57821,0
grid99,+Inf,3.468643,0.482847,3.951490,218059,20345,70307,70307,0
metroplex57,6.277001,2.678402,2.746926,5.425328,258740,9780,33619,33619,0
metroplex1,18.055136,13.646040,1840.047625,1853.693665,426999,19814,71074,71074,0
grid95,+Inf,3.375036,0.174885,3.549921,295230,15248,56266,56266,0
metroplex30,+Inf,13.081128,0.149306,13.230434,598430,17221,66763,66763,0
grid58,+Inf,4.312252,0.285857,4.598109,403730,21094,81003,81003,0
metroplex42,39.147870,5.193989,4603.547944,4608.741933,464931,10990,39091,39091,0
metroplex51,+Inf,10.886199,0.521783,11.407982,484312,23766,86725,86725,0
metroplex70,48.050125,4.100213,31.164328,35.264541,370972,10848,38717,38717,0
metroplex94,27.681704,7.189110,17194.459742,17201.648852,534834,15661,58457,58457,0
grid42,+Inf,3.808926,0.269995,4.078921,384211,21289,81718,81718,0
grid38,+Inf,1.751965,0.106503,1.858468,208675,10813,38295,38295,0
metroplex90,15.401003,7.329582,290.929586,298.259168,465298,11331,40621,40621,0
metroplex34,+Inf,2.172794,0.063296,2.236090,270482,8382,28654,28654,0
metroplex93,+Inf,4.106935,0.347015,4.453950,332269,12171,43906,43906,0
metroplex4,+Inf,2.334819,0.061888,2.396707,243815,8326,28527,28527,0
airport25,+Inf,0.301562,0.067768,0.369330,38337,4684,15431,15431,0
airport27,+Inf,0.573316,0.057417,0.630733,71850,6121,22435,22435,0
airport48,+Inf,0.671947,0.177294,0.849241,56367,9780,35103,35103,0
airport32,0.947368,0.546986,0.194245,0.741231,56789,5076,18113,18113,0
airport66,+Inf,1.398319,0.086954,1.485273,103560,7182,25916,25916,0
airport45,+Inf,0.809529,0.084240,0.893769,69359,6791,24172,24172,0
airport67,+Inf,0.446860,0.059256,0.506116,43543,6232,20383,20383,0
airport19,+Inf,1.043369,0.178996,1.222365,69655,11520,39012,39012,0
airport47,+Inf,0.450144,0.156466,0.606610,45203,7885,25260,25260,0
airport33,+Inf,1.310312,0.089138,1.399450,90794,9903,36546,36546,0
airport13,+Inf,0.822356,0.188144,1.010500,73442,10099,35086,35086,0
airport56,+Inf,0.687586,0.070292,0.757878,59979,5980,20863,20863,0
airport43,+Inf,0.348119,0.066742,0.414861,43583,6570,23039,23039,0
airport31,+Inf,0.964183,0.085701,1.049884,80176,9348,34210,34210,0
airport34,+Inf,0.437488,0.067370,0.504858,49707,5589,21566,21566,0
airport58,+Inf,0.424045,0.056421,0.480466,48915,6634,22136,22136,0
airport18,+Inf,0.546982,0.042164,0.589146,65196,6497,22807,22807,0
airport15,1.210526,0.486628,0.202898,0.689526,41512,6818,24156,24156,0
airport49,+Inf,0.899940,0.122880,1.022820,74162,8182,28876,28876,0
airport68,+Inf,0.559779,0.221703,0.781482,60242,9804,30932,30932,0
airport54,+Inf,1.065747,0.079738,1.145485,88934,9979,36544,36544,0
airport59,2.413995,0.454836,0.311978,0.766814,48200,5128,17253,17253,0
airport64,1.349042,0.422244,0.246977,0.669221,47253,6770,23039,23039,0
airport2,1.157895,0.445193,0.151343,0.596536,54106,4837,17354,17354,0
airport28,+Inf,0.437502,0.038714,0.476216,44716,4335,15227,15227,0
airport11,+Inf,1.018859,0.125411,1.144270,91144,9711,35696,35696,0
airport44,1.105263,0.642297,0.271903,0.914200,80422,6014,21321,21321,0
airport61,+Inf,0.519071,0.052962,0.572033,63982,5701,21069,21069,0
airport60,+Inf,0.637364,0.061040,0.698404,60141,7499,28570,28570,0
airport40,+Inf,0.735221,0.058773,0.793994,51506,6895,23482,23482,0
airport53,+Inf,0.805709,0.059510,0.865219,97629,7971,30123,30123,0
airport52,+Inf,0.795412,0.121881,0.917293,69494,7806,27157,27157,0
airport30,+Inf,0.531996,0.125242,0.657238,52942,7226,25031,25031,0
airport21,0.631579,0.442109,0.188796,0.630905,47691,5202,19346,19346,0
airport20,+Inf,0.611621,0.105633,0.717254,53071,7235,24500,24500,0
airport0,+Inf,1.274280,0.179793,1.454073,92988,11220,40194,40194,0
airport14,+Inf,0.596327,0.063689,0.660016,57034,7415,28882,28882,0
airport38,+Inf,0.648903,0.220784,0.869687,48306,9975,27420,27420,0
airport57,1.473684,1.171856,0.182343,1.354199,71946,5894,21242,21242,0
airport4,+Inf,0.526795,0.191478,0.718273,50991,7865,24509,24509,0
airport41,+Inf,0.603628,0.099164,0.702792,62789,7610,25593,25593,0
airport24,+Inf,1.743520,0.166082,1.909602,92351,10491,39798,39798,0
airport16,1.049786,1.061045,0.449217,1.510262,81726,8886,31698,31698,0
airport5,2.189025,1.051469,0.390091,1.441560,68123,5861,21487,21487,0
airport50,2.092732,0.578128,0.366532,0.944660,61646,6623,23767,23767,0
airport65,1.285714,0.790752,0.251655,1.042407,65051,6133,22671,22671,0
airport35,+Inf,1.819889,0.094075,1.913964,101712,11110,42421,42421,0
airport55,+Inf,1.029110,0.075101,1.104211,88915,6538,23477,23477,0
airport1,2.728319,1.532135,0.697704,2.229839,95957,11003,39042,39042,0
airport51,1.526316,1.488923,0.367723,1.856646,102510,7484,27656,27656,0
airport6,+Inf,0.871858,0.074256,0.946114,103816,10179,40633,40633,0
airport63,2.094756,1.107636,0.547167,1.654803,84169,6404,22967,22967,0
airport39,+Inf,1.765457,0.138637,1.904094,105129,12257,45082,45082,0
airport17,1.210526,1.503276,0.856781,2.360057,94153,8521,31423,31423,0
airport37,1.157895,1.373261,0.678565,2.051826,98424,8372,30393,30393,0
airport10,+Inf,2.063698,0.090123,2.153821,114032,9412,34889,34889,0
airport36,+Inf,1.465475,0.377281,1.842756,100012,9555,36046,36046,0
airport29,+Inf,1.418412,0.720215,2.138627,89848,14004,46899,46899,0
airport3,0.631579,1.531250,0.490696,2.021946,102293,7873,29132,29132,0
airport78,1.000000,0.388030,0.338713,0.726743,42801,6487,22242,22242,0
airport74,1.210526,0.593717,0.146055,0.739772,53188,4886,17014,17014,0
airport72,0.789474,0.439752,0.167940,0.607692,37675,3935,13684,13684,0
airport71,+Inf,1.019207,0.208119,1.227326,89512,10842,37819,37819,0
airport77,+Inf,0.561509,0.052698,0.614207,66825,7627,29771,29771,0
airport73,1.771652,0.708879,0.469701,1.178580,77506,7420,26597,26597,0
airport87,+Inf,0.371102,0.065625,0.436727,40486,5412,21680,21680,0
airport97,+Inf,0.281776,0.055964,0.337740,32101,4730,16623,16623,0
airport12,+Inf,3.381983,0.193485,3.575468,132591,12880,50173,50173,0
airport80,+Inf,1.066019,0.181944,1.247963,66927,10613,34061,34061,0
airport81,0.842105,0.415150,0.192341,0.607491,47451,4735,16945,16945,0
airport62,15.979392,1.850300,2.587918,4.438218,95682,17257,51378,51378,0
airport82,+Inf,0.891094,0.096071,0.987165,74486,8752,31458,31458,0
airport92,+Inf,0.623949,0.093813,0.717762,58964,7183,24456,24456,0
airport8,2.992481,0.979923,0.275057,1.254980,75803,5954,21587,21587,0
airport75,+Inf,1.179757,0.074459,1.254216,94671,8933,31661,31661,0
airport84,+Inf,0.601171,0.058827,0.659998,66266,7208,26624,26624,0
airport86,+Inf,0.814718,0.165126,0.979844,80369,8940,32601,32601,0
airport91,+Inf,0.455888,0.045336,0.501224,47613,4745,17270,17270,0
airport85,+Inf,1.921053,0.156390,2.077443,120366,12851,46949,46949,0
airport95,1.473684,0.687895,0.280075,0.967970,67016,8966,29949,29949,0
airport96,+Inf,0.760263,0.270738,1.031001,51823,9308,28150,28150,0
airport79,1.000000,1.138565,0.593346,1.731911,97532,8850,35046,35046,0
airport98,+Inf,1.243982,0.082589,1.326571,91488,10042,37237,37237,0
airport99,+Inf,0.703863,0.078848,0.782711,59959,7739,27062,27062,0
airport7,+Inf,1.571122,0.328167,1.899289,86148,11101,40172,40172,0
airport88,7.896469,1.345741,0.940353,2.286094,89364,12271,41812,41812,0
airport93,+Inf,1.359954,0.153810,1.513764,95770,9413,33752,33752,0
airport76,8.012270,1.110193,0.742456,1.852649,90249,9358,33737,33737,0
airport70,+Inf,2.392054,0.738067,3.130121,88006,17695,54893,54893,0
airport94,+Inf,2.164604,0.076714,2.241318,112494,9484,35055,35055,0
airport9,+Inf,1.496204,0.271996,1.768200,92249,13097,45929,45929,0
airport90,0.789474,1.718831,0.480744,2.199575,101409,7511,27282,27282,0
airport83,1.531004,1.496026,0.946999,2.443025,94916,12478,42225,42225,0
grid14,+Inf,1.769421,0.100809,1.870230,199557,10519,37172,37172,0
grid11,+Inf,4.338597,0.311804,4.650401,371050,20739,79886,79886,0
grid13,+Inf,3.946454,0.124702,4.071156,297037,14867,57099,57099,0
grid0,2.473684,3.862210,0.960069,4.822279,352401,11423,41337,41337,0
grid12,+Inf,5.394629,0.438979,5.833608,416947,20309,79135,79135,0
grid18,+Inf,2.198385,0.203715,2.402100,238541,12403,44855,44855,0
grid2,+Inf,2.293601,0.273120,2.566721,255024,17267,63734,63734,0
grid22,+Inf,3.691274,0.183135,3.874409,377268,16242,62781,62781,0
grid15,6.854637,2.271432,0.443653,2.715085,227548,8202,28170,28170,0
grid10,25.013368,6.789210,2.218836,9.008046,438268,14812,55536,55536,0
grid29,+Inf,6.208065,0.206723,6.414788,422079,19515,75938,75938,0
grid26,47.426065,2.067675,0.809501,2.877176,204809,8884,31218,31218,0
grid47,+Inf,2.538934,0.607999,3.146933,221458,20668,66206,66206,0
grid48,+Inf,2.435091,0.106951,2.542042,281626,13192,48650,48650,0
grid17,+Inf,6.983426,0.297444,7.280870,442847,18369,72748,72748,0
grid32,21.228070,2.645749,2.219542,4.865291,268957,11682,42591,42591,0
grid30,+Inf,2.960391,0.250342,3.210733,290942,15089,56366,56366,0
grid1,+Inf,4.601925,0.272517,4.874442,381835,16644,64272,64272,0
grid23,+Inf,2.461935,0.132737,2.594672,283258,14542,55588,55588,0
grid16,28.483709,4.428684,6.407104,10.835788,405029,17056,66503,66503,0
grid19,+Inf,2.426289,0.415814,2.842103,223503,15717,55902,55902,0
grid51,+Inf,3.838346,0.235361,4.073707,367184,17187,66541,66541,0
grid54,+Inf,4.701630,0.167687,4.869317,376569,16100,61627,61627,0
grid36,+Inf,4.969343,0.444748,5.414091,356207,26742,106071,106071,0
grid44,+Inf,7.130878,0.193159,7.324037,440669,23384,97883,97883,0
grid64,+Inf,2.623944,0.076732,2.700676,249841,10938,39480,39480,0
grid33,+Inf,4.577894,0.140203,4.718097,320135,13050,49197,49197,0
grid24,+Inf,5.731245,0.649929,6.381174,371688,21863,84977,84977,0
grid21,+Inf,2.550377,1.076636,3.627013,211815,14780,52246,52246,0
grid67,+Inf,2.062371,0.153178,2.215549,195580,12902,46226,46226,0
grid60,+Inf,2.747600,0.281822,3.029422,302300,17789,66032,66032,0
grid49,+Inf,2.608100,0.135343,2.743443,291800,12963,48886,48886,0
grid62,+Inf,4.612789,0.261600,4.874389,321160,17367,66475,66475,0
grid5,+Inf,3.835086,0.380811,4.215897,346832,21518,80566,80566,0
grid4,+Inf,2.192018,0.101003,2.293021,221336,10189,36751,36751,0
grid55,+Inf,4.194376,0.368588,4.562964,265052,19456,69543,69543,0
grid68,+Inf,2.725830,0.328513,3.054343,210159,16916,62708,62708,0
grid27,+Inf,3.615434,0.199730,3.815164,310378,15969,60582,60582,0
grid35,+Inf,3.804985,0.241269,4.046254,415026,17517,67389,67389,0
grid39,+Inf,7.126029,0.579689,7.705718,422166,26513,99788,99788,0
grid56,+Inf,1.659029,0.087943,1.746972,180282,8905,31193,31193,0
grid31,+Inf,3.131816,0.411756,3.543572,348954,23105,87719,87719,0
grid25,105.070032,1.595994,7.265066,8.861060,163082,9366,33910,33910,0
grid45,+Inf,6.046980,0.423243,6.470223,325125,22815,86463,86463,0
grid53,+Inf,5.611377,0.183966,5.795343,440685,20168,80819,80819,0
grid69,+Inf,2.251909,0.103891,2.355800,210805,11719,42823,42823,0
grid3,2.070525,4.342225,2.077629,6.419854,376597,14785,56155,56155,0
grid72,+Inf,3.265409,0.663869,3.929278,256086,19589,71338,71338,0
grid74,+Inf,3.221551,0.297415,3.518966,240514,13869,50369,50369,0
grid34,33.649123,2.575272,3.796881,6.372153,260422,15141,56123,56123,0
grid76,+Inf,3.313838,0.372836,3.686674,348329,18135,69641,69641,0
grid57,8.924812,2.840548,12.227303,15.067851,291324,12074,45415,45415,0
grid8,+Inf,2.956765,0.158774,3.115539,277354,13874,52500,52500,0
grid75,+Inf,6.626419,0.607159,7.233578,413150,22115,86301,86301,0
grid70,+Inf,3.456583,0.219585,3.676168,367530,18628,72377,72377,0
grid84,+Inf,4.454964,0.317122,4.772086,278466,20392,79174,79174,0
grid80,+Inf,4.289995,0.575882,4.865877,315483,20209,77749,77749,0
grid7,+Inf,6.994717,0.231280,7.225997,480922,21663,85204,85204,0
grid71,+Inf,8.435280,0.312727,8.748007,415315,23642,93166,93166,0
grid78,+Inf,4.834588,0.318903,5.153491,272856,17993,67514,67514,0
grid82,+Inf,3.370159,0.148991,3.519150,374611,16378,62881,62881,0
grid90,+Inf,4.739037,0.252811,4.991848,426311,19823,78956,78956,0
grid93,+Inf,4.301714,0.378613,4.680327,380418,19855,77833,77833,0
grid87,+Inf,2.997024,1.282569,4.279593,311454,27831,101653,101653,0
metroplex13,+Inf,3.468914,0.177055,3.645969,270653,11741,40151,40151,0
grid73,+Inf,4.071682,1.199289,5.270971,304720,18938,71200,71200,0
grid86,+Inf,4.550549,0.496876,5.047425,508056,22029,86901,86901,0
grid6,+Inf,4.715598,0.457148,5.172746,353360,22127,85839,85839,0
grid98,+Inf,5.106809,0.888806,5.995615,443044,21863,86679,86679,0
grid81,+Inf,3.469398,0.224671,3.694069,301833,14782,56115,56115,0
grid97,+Inf,2.025877,0.151416,2.177293,209535,12437,43942,43942,0
grid9,+Inf,5.322101,0.175090,5.497191,301122,19012,77010,77010,0
grid96,+Inf,1.873397,0.166611,2.040008,207019,9881,35698,35698,0
metroplex14,+Inf,2.539912,0.253744,2.793656,186339,12110,38932,38932,0
grid66,5.382231,7.769351,10.935705,18.705056,457422,22648,88376,88376,0
grid85,+Inf,5.657978,0.155877,5.813855,420621,18173,71034,71034,0
metroplex15,+Inf,3.657202,0.415332,4.072534,229023,12314,39889,39889,0
metroplex0,+Inf,8.369151,0.302362,8.671513,374094,17272,62680,62680,0
grid28,+Inf,1.829214,0.160059,1.989273,201468,11811,43134,43134,0
metroplex17,+Inf,5.258029,1.285600,6.543629,349207,13353,49825,49825,0
metroplex12,23.066549,9.025962,4.933352,13.959314,572001,13946,52958,52958,0
metroplex40,+Inf,2.131239,0.076612,2.207851,212909,7264,24245,24245,0
metroplex24,+Inf,7.155540,0.209035,7.364575,502369,15220,57768,57768,0
metroplex11,+Inf,9.114397,0.269286,9.383683,415293,15419,57031,57031,0
metroplex23,+Inf,7.853610,0.363959,8.217569,349831,15546,54906,54906,0
metroplex18,10.197995,4.055833,17.138071,21.193904,339591,11506,41642,41642,0
metroplex25,+Inf,1.700653,0.269616,1.970269,145396,9977,29140,29140,0
metroplex43,+Inf,2.157275,0.060301,2.217576,229713,6871,22383,22383,0
grid46,10.305813,3.413465,19.832904,23.246369,314401,16266,62785,62785,0
metroplex46,+Inf,4.783491,0.212717,4.996208,407374,14603,53219,53219,0
grid89,13.057644,3.827206,2.986089,6.813295,286204,15636,58578,58578,0
metroplex54,+Inf,11.439048,0.210792,11.649840,620082,16752,63727,63727,0
airport47,+Inf,0.504541,0.190915,0.695456,45203,7885,25260,25260,0
airport27,+Inf,0.628485,0.055029,0.683514,71850,6121,22435,22435,0
airport20,+Inf,0.641163,0.120680,0.761843,53071,7235,24500,24500,0
airport43,+Inf,0.381071,0.075954,0.457025,43583,6570,23039,23039,0
airport34,+Inf,0.489438,0.051078,0.540516,49707,5589,21566,21566,0
airport48,+Inf,0.641028,0.241748,0.882776,56367,9780,35103,35103,0
airport66,+Inf,1.560095,0.070766,1.630861,103560,7182,25916,25916,0
airport52,+Inf,0.786839,0.144491,0.931330,69494,7806,27157,27157,0
airport35,+Inf,1.819481,0.100851,1.920332,101712,11110,42421,42421,0
airport0,+Inf,1.577784,0.210356,1.788140,92988,11220,40194,40194,0
airport41,+Inf,0.648022,0.108562,0.756584,62789,7610,25593,25593,0
airport19,+Inf,1.200388,0.223021,1.423409,69655,11520,39012,39012,0
airport13,+Inf,0.956168,0.231023,1.187191,73442,10099,35086,35086,0
airport18,+Inf,0.600605,0.062215,0.662820,65196,6497,22807,22807,0
airport67,+Inf,0.601854,0.072489,0.674343,43543,6232,20383,20383,0
airport36,+Inf,1.605529,0.460840,2.066369,100012,9555,36046,36046,0
airport72,0.789474,0.322251,0.154502,0.476753,37675,3935,13684,13684,0
airport68,+Inf,0.628751,0.251190,0.879941,60242,9804,30932,30932,0
airport56,+Inf,0.761279,0.044713,0.805992,59979,5980,20863,20863,0
airport49,+Inf,0.908280,0.149779,1.058059,74162,8182,28876,28876,0
airport37,1.157895,1.494588,0.802848,2.297436,98424,8372,30393,30393,0
airport4,+Inf,0.564848,0.147239,0.712087,50991,7865,24509,24509,0
airport63,2.094756,1.079283,0.492509,1.571792,84169,6404,22967,22967,0
airport3,0.631579,1.928053,0.571160,2.499213,102293,7873,29132,29132,0
airport77,+Inf,0.600447,0.058627,0.659074,66825,7627,29771,29771,0
airport21,0.631579,0.487889,0.207408,0.695297,47691,5202,19346,19346,0
airport24,+Inf,1.689417,0.212814,1.902231,92351,10491,39798,39798,0
airport7,+Inf,1.687893,0.350056,2.037949,86148,11101,40172,40172,0
airport73,1.771652,0.760867,0.566141,1.327008,77506,7420,26597,26597,0
airport75,+Inf,1.473134,0.093702,1.566836,94671,8933,31661,31661,0
airport81,0.842105,0.432158,0.219395,0.651553,47451,4735,16945,16945,0
airport78,1.000000,0.394376,0.210332,0.604708,42801,6487,22242,22242,0
airport64,1.349042,0.518206,0.282293,0.800499,47253,6770,23039,23039,0
airport25,+Inf,0.331788,0.052045,0.383833,38337,4684,15431,15431,0
airport31,+Inf,1.066483,0.098761,1.165244,80176,9348,34210,34210,0
airport82,+Inf,1.003248,0.084720,1.087968,74486,8752,31458,31458,0
airport47,+Inf,0.503236,0.185148,0.688384,45203,7885,25260,25260,0
airport27,+Inf,0.635391,0.052397,0.687788,71850,6121,22435,22435,0
airport20,+Inf,0.630479,0.120136,0.750615,53071,7235,24500,24500,0
airport43,+Inf,0.387143,0.088305,0.475448,43583,6570,23039,23039,0
airport34,+Inf,0.493078,0.050035,0.543113,49707,5589,21566,21566,0
airport48,+Inf,0.599702,0.239463,0.839165,56367,9780,35103,35103,0
airport52,+Inf,0.987997,0.154569,1.142566,69494,7806,27157,27157,0
airport66,+Inf,1.548280,0.075946,1.624226,103560,7182,25916,25916,0
airport35,+Inf,1.745570,0.128139,1.873709,101712,11110,42421,42421,0
airport0,+Inf,1.365337,0.217279,1.582616,92988,11220,40194,40194,0
airport19,+Inf,1.182445,0.227195,1.409640,69655,11520,39012,39012,0
airport41,+Inf,0.659366,0.109696,0.769062,62789,7610,25593,25593,0
airport13,+Inf,0.925948,0.321315,1.247263,73442,10099,35086,35086,0
airport18,+Inf,0.614124,0.048175,0.662299,65196,6497,22807,22807,0
airport67,+Inf,0.629330,0.082498,0.711828,43543,6232,20383,20383,0
airport36,+Inf,1.586495,0.414027,2.000522,100012,9555,36046,36046,0
airport72,0.789474,0.342069,0.142560,0.484629,37675,3935,13684,13684,0
airport49,+Inf,0.903321,0.127641,1.030962,74162,8182,28876,28876,0
airport56,+Inf,0.761313,0.044980,0.806293,59979,5980,20863,20863,0
airport68,+Inf,0.648400,0.371521,1.019921,60242,9804,30932,30932,0
airport37,1.157895,1.534768,0.741059,2.275827,98424,8372,30393,30393,0
airport4,+Inf,0.584164,0.154539,0.738703,50991,7865,24509,24509,0
airport3,0.631579,1.688858,0.552140,2.240998,102293,7873,29132,29132,0
airport63,2.094756,1.110044,0.506974,1.617018,84169,6404,22967,22967,0
airport77,+Inf,0.608129,0.060608,0.668737,66825,7627,29771,29771,0
airport21,0.631579,0.495261,0.207700,0.702961,47691,5202,19346,19346,0
airport24,+Inf,1.689346,0.218219,1.907565,92351,10491,39798,39798,0
airport7,+Inf,1.696639,0.318741,2.015380,86148,11101,40172,40172,0
airport81,0.842105,0.430615,0.211826,0.642441,47451,4735,16945,16945,0
airport73,1.771652,0.883898,0.557537,1.441435,77506,7420,26597,26597,0
airport75,+Inf,1.243962,0.081538,1.325500,94671,8933,31661,31661,0
airport64,1.349042,0.462249,0.274093,0.736342,47253,6770,23039,23039,0
airport78,1.000000,0.564815,0.243137,0.807952,42801,6487,22242,22242,0
airport25,+Inf,0.378482,0.062844,0.441326,38337,4684,15431,15431,0
airport31,+Inf,1.381963,0.119138,1.501101,80176,9348,34210,34210,0
airport82,+Inf,0.904564,0.084376,0.988940,74486,8752,31458,31458,0
airport58,+Inf,0.472335,0.074719,0.547054,48915,6634,22136,22136,0
airport86,+Inf,0.874772,0.189812,1.064584,80369,8940,32601,32601,0
airport15,1.210526,0.545444,0.218646,0.764090,41512,6818,24156,24156,0
airport40,+Inf,0.519313,0.076670,0.595983,51506,6895,23482,23482,0
airport79,1.000000,1.213722,0.661684,1.875406,97532,8850,35046,35046,0
airport39,+Inf,1.888987,0.155738,2.044725,105129,12257,45082,45082,0
airport70,+Inf,2.528374,0.863528,3.391902,88006,17695,54893,54893,0
airport84,+Inf,0.638323,0.131975,0.770298,66266,7208,26624,26624,0
airport83,1.531004,1.550864,1.036950,2.587814,94916,12478,42225,42225,0
airport93,+Inf,1.368395,0.160060,1.528455,95770,9413,33752,33752,0
airport54,+Inf,1.180819,0.111389,1.292208,88934,9979,36544,36544,0
airport59,2.413995,0.499928,0.391311,0.891239,48200,5128,17253,17253,0
airport10,+Inf,2.228725,0.086889,2.315614,114032,9412,34889,34889,0
airport53,+Inf,0.924065,0.091381,1.015446,97629,7971,30123,30123,0
airport80,+Inf,1.149230,0.210848,1.360078,66927,10613,34061,34061,0
airport2,1.157895,0.497189,0.167806,0.664995,54106,4837,17354,17354,0
grid12,+Inf,5.502826,0.732156,6.234982,416947,20309,79135,79135,0
airport95,1.473684,0.715919,0.322303,1.038222,67016,8966,29949,29949,0
grid15,6.854637,2.392146,0.479546,2.871692,227548,8202,28170,28170,0
airport1,2.728319,1.546376,0.745723,2.292099,95957,11003,39042,39042,0
airport27,+Inf,0.624489,0.050883,0.675372,71850,6121,22435,22435,0
airport47,+Inf,0.497565,0.174726,0.672291,45203,7885,25260,25260,0
airport20,+Inf,0.621764,0.133813,0.755577,53071,7235,24500,24500,0
airport43,+Inf,0.383401,0.065791,0.449192,43583,6570,23039,23039,0
airport34,+Inf,0.490737,0.051227,0.541964,49707,5589,21566,21566,0
airport48,+Inf,0.702449,0.221305,0.923754,56367,9780,35103,35103,0
airport52,+Inf,0.791709,0.157910,0.949619,69494,7806,27157,27157,0
airport66,+Inf,1.515063,0.074922,1.589985,103560,7182,25916,25916,0
airport35,+Inf,1.757609,0.106423,1.864032,101712,11110,42421,42421,0
airport0,+Inf,1.249543,0.239210,1.488753,92988,11220,40194,40194,0
airport41,+Inf,0.652813,0.109587,0.762400,62789,7610,25593,25593,0
airport19,+Inf,1.227234,0.215222,1.442456,69655,11520,39012,39012,0
airport18,+Inf,0.593855,0.058939,0.652794,65196,6497,22807,22807,0
airport36,+Inf,1.613746,0.418005,2.031751,100012,9555,36046,36046,0
airport13,+Inf,1.019246,0.230080,1.249326,73442,10099,35086,35086,0
airport67,+Inf,0.494446,0.081478,0.575924,43543,6232,20383,20383,0
airport56,+Inf,0.754626,0.044086,0.798712,59979,5980,20863,20863,0
airport49,+Inf,1.048380,0.144071,1.192451,74162,8182,28876,28876,0
airport72,0.789474,0.322357,0.152784,0.475141,37675,3935,13684,13684,0
airport68,+Inf,0.633877,0.281250,0.915127,60242,9804,30932,30932,0
airport37,1.157895,1.474121,0.760746,2.234867,98424,8372,30393,30393,0
airport21,0.631579,0.483069,0.206963,0.690032,47691,5202,19346,19346,0
airport63,2.094756,1.077315,0.556605,1.633920,84169,6404,22967,22967,0
airport77,+Inf,0.619116,0.059686,0.678802,66825,7627,29771,29771,0
airport24,+Inf,1.705207,0.208073,1.913280,92351,10491,39798,39798,0
airport3,0.631579,1.987873,0.525882,2.513755,102293,7873,29132,29132,0
airport4,+Inf,0.575576,0.174624,0.750200,50991,7865,24509,24509,0
airport7,+Inf,1.715303,0.331806,2.047109,86148,11101,40172,40172,0
airport81,0.842105,0.428759,0.229615,0.658374,47451,4735,16945,16945,0
airport64,1.349042,0.461287,0.352470,0.813757,47253,6770,23039,23039,0
airport75,+Inf,1.278100,0.107684,1.385784,94671,8933,31661,31661,0
airport73,1.771652,0.737994,0.521977,1.259971,77506,7420,26597,26597,0
airport78,1.000000,0.390264,0.222698,0.612962,42801,6487,22242,22242,0
airport31,+Inf,1.083936,0.102344,1.186280,80176,9348,34210,34210,0
airport25,+Inf,0.416404,0.054944,0.471348,38337,4684,15431,15431,0
airport15,1.210526,0.539683,0.219502,0.759185,41512,6818,24156,24156,0
airport82,+Inf,0.909505,0.136309,1.045814,74486,8752,31458,31458,0
airport40,+Inf,0.520752,0.066907,0.587659,51506,6895,23482,23482,0
airport58,+Inf,0.466787,0.065869,0.532656,48915,6634,22136,22136,0
airport86,+Inf,0.949658,0.185734,1.135392,80369,8940,32601,32601,0
airport39,+Inf,2.285539,0.162275,2.447814,105129,12257,45082,45082,0
airport79,1.000000,1.164684,0.658341,1.823025,97532,8850,35046,35046,0
airport54,+Inf,1.161176,0.096497,1.257673,88934,9979,36544,36544,0
airport70,+Inf,2.473217,0.839410,3.312627,88006,17695,54893,54893,0
airport83,1.531004,1.463976,1.115851,2.579827,94916,12478,42225,42225,0
airport84,+Inf,0.627055,0.089106,0.716161,66266,7208,26624,26624,0
airport10,+Inf,2.202464,0.083475,2.285939,114032,9412,34889,34889,0
airport53,+Inf,0.882291,0.079964,0.962255,97629,7971,30123,30123,0
airport59,2.413995,0.498080,0.374250,0.872330,48200,5128,17253,17253,0
airport93,+Inf,1.374586,0.156548,1.531134,95770,9413,33752,33752,0
airport80,+Inf,1.271594,0.229329,1.500923,66927,10613,34061,34061,0
airport2,1.157895,0.565944,0.183139,0.749083,54106,4837,17354,17354,0
airport95,1.473684,0.711263,0.319586,1.030849,67016,8966,29949,29949,0
airport1,2.728319,1.558844,0.752887,2.311731,95957,11003,39042,39042,0
grid12,+Inf,5.497057,0.498792,5.995849,416947,20309,79135,79135,0
grid15,6.854637,2.555940,0.474009,3.029949,227548,8202,28170,28170,0
airport17,1.210526,1.627435,0.774293,2.401728,94153,8521,31423,31423,0
airport76,8.012270,1.161406,0.802740,1.964146,90249,9358,33737,33737,0
airport38,+Inf,0.723639,0.284294,1.007933,48306,9975,27420,27420,0
grid14,+Inf,1.796728,0.109420,1.906148,199557,10519,37172,37172,0
airport74,1.210526,0.610244,0.163084,0.773328,53188,4886,17014,17014,0
grid18,+Inf,2.124798,0.235411,2.360209,238541,12403,44855,44855,0
airport60,+Inf,0.780140,0.082112,0.862252,60141,7499,28570,28570,0
airport90,0.789474,1.759054,0.480051,2.239105,101409,7511,27282,27282,0
grid10,25.013368,6.637564,2.430580,9.068144,438268,14812,55536,55536,0
airport65,1.285714,0.878813,0.270067,1.148880,65051,6133,22671,22671,0
grid16,28.483709,4.518712,7.138295,11.657007,405029,17056,66503,66503,0
airport50,2.092732,0.561948,0.453926,1.015874,61646,6623,23767,23767,0
grid11,+Inf,4.581820,0.332976,4.914796,371050,20739,79886,79886,0
airport61,+Inf,0.564878,0.057544,0.622422,63982,5701,21069,21069,0
grid0,2.473684,4.053656,0.998962,5.052618,352401,11423,41337,41337,0
airport16,1.049786,1.322706,0.515382,1.838088,81726,8886,31698,31698,0
grid13,+Inf,4.058981,0.140010,4.198991,297037,14867,57099,57099,0
grid26,47.426065,2.197569,0.882843,3.080412,204809,8884,31218,31218,0
grid29,+Inf,6.414724,0.248128,6.662852,422079,19515,75938,75938,0
airport29,+Inf,1.480064,0.546070,2.026134,89848,14004,46899,46899,0
grid24,+Inf,5.939179,0.773928,6.713107,371688,21863,84977,84977,0
grid19,+Inf,2.593553,0.519305,3.112858,223503,15717,55902,55902,0
grid27,+Inf,3.539722,0.203001,3.742723,310378,15969,60582,60582,0
grid17,+Inf,7.176739,0.450498,7.627237,442847,18369,72748,72748,0
airport99,+Inf,0.729011,0.089833,0.818844,59959,7739,27062,27062,0
grid25,105.070032,1.714010,7.664026,9.378036,163082,9366,33910,33910,0
grid35,+Inf,3.797671,0.274092,4.071763,415026,17517,67389,67389,0
grid30,+Inf,3.088095,0.328866,3.416961,290942,15089,56366,56366,0
grid48,+Inf,2.575535,0.127193,2.702728,281626,13192,48650,48650,0
airport6,+Inf,0.898341,0.091477,0.989818,103816,10179,40633,40633,0
airport51,1.526316,1.493915,0.421834,1.915749,102510,7484,27656,27656,0
grid34,33.649123,2.668437,3.913029,6.581466,260422,15141,56123,56123,0
grid36,+Inf,5.339740,0.485875,5.825615,356207,26742,106071,106071,0
grid2,+Inf,2.371553,0.295679,2.667232,255024,17267,63734,63734,0
grid33,+Inf,4.714041,0.172750,4.886791,320135,13050,49197,49197,0
airport85,+Inf,2.035292,0.219019,2.254311,120366,12851,46949,46949,0
grid21,+Inf,2.675280,1.168246,3.843526,211815,14780,52246,52246,0
grid51,+Inf,4.033041,0.289006,4.322047,367184,17187,66541,66541,0
airport32,0.947368,0.575078,0.210898,0.785976,56789,5076,18113,18113,0
grid47,+Inf,2.695923,0.687992,3.383915,221458,20668,66206,66206,0
grid56,+Inf,1.728153,0.097934,1.826087,180282,8905,31193,31193,0
airport71,+Inf,0.883901,0.278720,1.162621,89512,10842,37819,37819,0
airport30,+Inf,0.517461,0.136015,0.653476,52942,7226,25031,25031,0
grid39,+Inf,7.539492,0.634402,8.173894,422166,26513,99788,99788,0
grid5,+Inf,4.035442,0.447564,4.483006,346832,21518,80566,80566,0
grid62,+Inf,4.915015,0.344741,5.259756,321160,17367,66475,66475,0
airport27,+Inf,0.632020,0.062161,0.694181,71850,6121,22435,22435,0
airport47,+Inf,0.504669,0.171019,0.675688,45203,7885,25260,25260,0
airport20,+Inf,0.732886,0.118442,0.851328,53071,7235,24500,24500,0
airport43,+Inf,0.382449,0.065649,0.448098,43583,6570,23039,23039,0
airport48,+Inf,0.610078,0.297343,0.907421,56367,9780,35103,35103,0
airport34,+Inf,0.481097,0.048953,0.530050,49707,5589,21566,21566,0
airport66,+Inf,1.511400,0.070802,1.582202,103560,7182,25916,25916,0
airport52,+Inf,0.788965,0.150371,0.939336,69494,7806,27157,27157,0
airport35,+Inf,1.765086,0.118297,1.883383,101712,11110,42421,42421,0
airport41,+Inf,0.644297,0.110206,0.754503,62789,7610,25593,25593,0
airport0,+Inf,1.289478,0.237025,1.526503,92988,11220,40194,40194,0
airport19,+Inf,1.160948,0.202223,1.363171,69655,11520,39012,39012,0
airport36,+Inf,1.517158,0.421177,1.938335,100012,9555,36046,36046,0
airport18,+Inf,0.600108,0.049731,0.649839,65196,6497,22807,22807,0
airport13,+Inf,0.924390,0.238738,1.163128,73442,10099,35086,35086,0
airport67,+Inf,0.490351,0.069168,0.559519,43543,6232,20383,20383,0
airport49,+Inf,0.915432,0.140237,1.055669,74162,8182,28876,28876,0
airport56,+Inf,0.753256,0.057438,0.810694,59979,5980,20863,20863,0
airport72,0.789474,0.326517,0.139685,0.466202,37675,3935,13684,13684,0
airport68,+Inf,0.634541,0.268000,0.902541,60242,9804,30932,30932,0
airport37,1.157895,1.494850,0.838209,2.333059,98424,8372,30393,30393,0
airport21,0.631579,0.475609,0.207464,0.683073,47691,5202,19346,19346,0
airport63,2.094756,1.083146,0.503365,1.586511,84169,6404,22967,22967,0
airport3,0.631579,1.678917,0.536533,2.215450,102293,7873,29132,29132,0
airport24,+Inf,1.685825,0.198165,1.883990,92351,10491,39798,39798,0
airport4,+Inf,0.576069,0.154578,0.730647,50991,7865,24509,24509,0
airport77,+Inf,0.624685,0.070672,0.695357,66825,7627,29771,29771,0
airport7,+Inf,1.651639,0.336897,1.988536,86148,11101,40172,40172,0
airport81,0.842105,0.436393,0.222506,0.658899,47451,4735,16945,16945,0
airport73,1.771652,0.798430,0.542434,1.340864,77506,7420,26597,26597,0
airport64,1.349042,0.557753,0.292182,0.849935,47253,6770,23039,23039,0
airport78,1.000000,0.439954,0.225389,0.665343,42801,6487,22242,22242,0
airport75,+Inf,1.219032,0.094772,1.313804,94671,8933,31661,31661,0
airport31,+Inf,1.175812,0.111958,1.287770,80176,9348,34210,34210,0
airport25,+Inf,0.327994,0.064238,0.392232,38337,4684,15431,15431,0
airport82,+Inf,1.033669,0.084245,1.117914,74486,8752,31458,31458,0
airport15,1.210526,0.545717,0.204345,0.750062,41512,6818,24156,24156,0
airport40,+Inf,0.527441,0.065614,0.593055,51506,6895,23482,23482,0
airport58,+Inf,0.477846,0.065399,0.543245,48915,6634,22136,22136,0
airport86,+Inf,1.052230,0.190415,1.242645,80369,8940,32601,32601,0
airport39,+Inf,1.887338,0.267073,2.154411,105129,12257,45082,45082,0
airport79,1.000000,1.232876,0.664736,1.897612,97532,8850,35046,35046,0
airport83,1.531004,1.684667,1.066982,2.751649,94916,12478,42225,42225,0
airport54,+Inf,1.093306,0.105442,1.198748,88934,9979,36544,36544,0
airport70,+Inf,2.502672,0.992797,3.495469,88006,17695,54893,54893,0
airport84,+Inf,0.644592,0.074807,0.719399,66266,7208,26624,26624,0
airport10,+Inf,2.220521,0.102420,2.322941,114032,9412,34889,34889,0
airport53,+Inf,0.950343,0.068117,1.018460,97629,7971,30123,30123,0
airport59,2.413995,0.657705,0.381688,1.039393,48200,5128,17253,17253,0
airport93,+Inf,1.412628,0.149599,1.562227,95770,9413,33752,33752,0
airport80,+Inf,1.226572,0.220080,1.446652,66927,10613,34061,34061,0
airport2,1.157895,0.483580,0.172751,0.656331,54106,4837,17354,17354,0
airport1,2.728319,1.597534,0.770084,2.367618,95957,11003,39042,39042,0
airport95,1.473684,0.742407,0.353785,1.096192,67016,8966,29949,29949,0
grid12,+Inf,5.447623,0.516528,5.964151,416947,20309,79135,79135,0
grid15,6.854637,2.361719,0.590421,2.952140,227548,8202,28170,28170,0
airport17,1.210526,1.545584,0.768417,2.314001,94153,8521,31423,31423,0
airport38,+Inf,0.717835,0.270767,0.988602,48306,9975,27420,27420,0
airport76,8.012270,1.261482,0.971463,2.232945,90249,9358,33737,33737,0
airport74,1.210526,0.613048,0.172969,0.786017,53188,4886,17014,17014,0
grid14,+Inf,1.812562,0.111457,1.924019,199557,10519,37172,37172,0
grid18,+Inf,2.203518,0.238551,2.442069,238541,12403,44855,44855,0
airport60,+Inf,0.693989,0.081173,0.775162,60141,7499,28570,28570,0
airport65,1.285714,0.835478,0.277303,1.112781,65051,6133,22671,22671,0
grid10,25.013368,6.646635,2.489132,9.135767,438268,14812,55536,55536,0
airport90,0.789474,1.743763,0.490794,2.234557,101409,7511,27282,27282,0
grid16,28.483709,4.669148,7.056890,11.726038,405029,17056,66503,66503,0
airport50,2.092732,0.563456,0.432431,0.995887,61646,6623,23767,23767,0
grid11,+Inf,4.436656,0.324519,4.761175,371050,20739,79886,79886,0
grid0,2.473684,3.951417,0.994765,4.946182,352401,11423,41337,41337,0
airport61,+Inf,0.704690,0.069881,0.774571,63982,5701,21069,21069,0
airport16,1.049786,1.165299,0.502802,1.668101,81726,8886,31698,31698,0
grid26,47.426065,2.165329,0.878141,3.043470,204809,8884,31218,31218,0
grid13,+Inf,4.084622,0.137692,4.222314,297037,14867,57099,57099,0
grid29,+Inf,6.451954,0.237185,6.689139,422079,19515,75938,75938,0
airport29,+Inf,1.401869,0.588611,1.990480,89848,14004,46899,46899,0
grid24,+Inf,5.963613,0.789115,6.752728,371688,21863,84977,84977,0
grid19,+Inf,2.595274,0.505948,3.101222,223503,15717,55902,55902,0
grid17,+Inf,7.247643,0.440782,7.688425,442847,18369,72748,72748,0
grid27,+Inf,3.441472,0.210407,3.651879,310378,15969,60582,60582,0
airport99,+Inf,0.730850,0.118363,0.849213,59959,7739,27062,27062,0
grid25,105.070032,1.709906,7.854443,9.564349,163082,9366,33910,33910,0
grid48,+Inf,2.627922,0.138553,2.766475,281626,13192,48650,48650,0
grid30,+Inf,3.120618,0.324352,3.444970,290942,15089,56366,56366,0
airport6,+Inf,0.924625,0.093854,1.018479,103816,10179,40633,40633,0
grid35,+Inf,3.796370,0.278807,4.075177,415026,17517,67389,67389,0
airport51,1.526316,1.492778,0.408112,1.900890,102510,7484,27656,27656,0
grid34,33.649123,2.683398,3.923014,6.606412,260422,15141,56123,56123,0
grid33,+Inf,4.702968,0.161879,4.864847,320135,13050,49197,49197,0
grid36,+Inf,5.472423,0.482739,5.955162,356207,26742,106071,106071,0
grid2,+Inf,2.379356,0.295296,2.674652,255024,17267,63734,63734,0
airport85,+Inf,2.030366,0.193476,2.223842,120366,12851,46949,46949,0
grid21,+Inf,2.660260,1.044445,3.704705,211815,14780,52246,52246,0
grid51,+Inf,4.202909,0.286380,4.489289,367184,17187,66541,66541,0
grid47,+Inf,2.529212,0.668187,3.197399,221458,20668,66206,66206,0
airport32,0.947368,0.678843,0.211306,0.890149,56789,5076,18113,18113,0
grid56,+Inf,1.729785,0.103346,1.833131,180282,8905,31193,31193,0
airport30,+Inf,0.517900,0.138785,0.656685,52942,7226,25031,25031,0
airport71,+Inf,0.877145,0.271325,1.148470,89512,10842,37819,37819,0
grid39,+Inf,7.411750,0.628493,8.040243,422166,26513,99788,99788,0
grid5,+Inf,4.043327,0.466919,4.510246,346832,21518,80566,80566,0
grid62,+Inf,5.008331,0.330580,5.338911,321160,17367,66475,66475,0
grid69,+Inf,2.548488,0.128466,2.676954,210805,11719,42823,42823,0
grid57,8.924812,3.075996,12.577481,15.653477,291324,12074,45415,45415,0
grid67,+Inf,2.071373,0.186673,2.258046,195580,12902,46226,46226,0
grid53,+Inf,5.999696,0.207551,6.207247,440685,20168,80819,80819,0
grid71,+Inf,8.757895,0.368592,9.126487,415315,23642,93166,93166,0
airport11,+Inf,1.154455,0.159692,1.314147,91144,9711,35696,35696,0
airport94,+Inf,2.181721,0.085040,2.266761,112494,9484,35055,35055,0
grid72,+Inf,3.627561,0.702559,4.330120,256086,19589,71338,71338,0
grid70,+Inf,3.474237,0.234083,3.708320,367530,18628,72377,72377,0
grid6,+Inf,4.830408,0.502602,5.333010,353360,22127,85839,85839,0
grid73,+Inf,4.220057,1.461897,5.681954,304720,18938,71200,71200,0
grid68,+Inf,2.801777,0.488106,3.289883,210159,16916,62708,62708,0
grid80,+Inf,4.436009,0.729338,5.165347,315483,20209,77749,77749,0
grid81,+Inf,3.721195,0.303712,4.024907,301833,14782,56115,56115,0
grid60,+Inf,3.081476,0.315977,3.397453,302300,17789,66032,66032,0
grid82,+Inf,3.560247,0.167220,3.727467,374611,16378,62881,62881,0
airport5,2.189025,0.867706,0.391223,1.258929,68123,5861,21487,21487,0
grid23,+Inf,2.691692,0.156618,2.848310,283258,14542,55588,55588,0
grid3,2.070525,4.538613,2.316963,6.855576,376597,14785,56155,56155,0
grid75,+Inf,6.828340,0.675182,7.503522,413150,22115,86301,86301,0
grid86,+Inf,4.760723,0.651723,5.412446,508056,22029,86901,86901,0
grid46,10.305813,3.419720,20.547405,23.967125,314401,16266,62785,62785,0
grid87,+Inf,3.129662,1.510512,4.640174,311454,27831,101653,101653,0
grid74,+Inf,3.269438,0.198793,3.468231,240514,13869,50369,50369,0
grid83,5.874919,6.867283,21.475840,28.343123,410294,21001,82124,82124,0
grid85,+Inf,5.943436,0.183481,6.126917,420621,18173,71034,71034,0
grid97,+Inf,2.137057,0.178472,2.315529,209535,12437,43942,43942,0
grid93,+Inf,4.610557,0.524023,5.134580,380418,19855,77833,77833,0
grid98,+Inf,5.329122,1.041077,6.370199,443044,21863,86679,86679,0
grid64,+Inf,2.920324,0.097190,3.017514,249841,10938,39480,39480,0
grid90,+Inf,4.884216,0.352565,5.236781,426311,19823,78956,78956,0
grid9,+Inf,5.201961,0.178392,5.380353,301122,19012,77010,77010,0
grid8,+Inf,2.867936,0.196149,3.064085,277354,13874,52500,52500,0
metroplex0,+Inf,8.464649,0.331552,8.796201,374094,17272,62680,62680,0
grid92,+Inf,3.969600,0.329964,4.299564,291856,17686,65621,65621,0
metroplex11,+Inf,9.153087,0.285743,9.438830,415293,15419,57031,57031,0
grid78,+Inf,5.123805,0.378034,5.501839,272856,17993,67514,67514,0
metroplex14,+Inf,2.644752,0.278608,2.923360,186339,12110,38932,38932,0
metroplex12,23.066549,9.189600,5.138937,14.328537,572001,13946,52958,52958,0
airport9,+Inf,1.573152,0.329948,1.903100,92249,13097,45929,45929,0
grid89,13.057644,4.057108,3.298243,7.355351,286204,15636,58578,58578,0
metroplex13,+Inf,3.555390,0.276004,3.831394,270653,11741,40151,40151,0
grid91,+Inf,3.191040,0.261743,3.452783,269074,15064,55516,55516,0
metroplex17,+Inf,5.604835,1.284707,6.889542,349207,13353,49825,49825,0
grid52,+Inf,3.280549,0.374151,3.654700,313242,15182,57829,57829,0
metroplex15,+Inf,4.120073,0.459770,4.579843,229023,12314,39889,39889,0
metroplex23,+Inf,8.014775,0.391464,8.406239,349831,15546,54906,54906,0
metroplex25,+Inf,1.732437,0.264961,1.997398,145396,9977,29140,29140,0
grid32,21.228070,2.846857,2.511576,5.358433,268957,11682,42591,42591,0
metroplex27,+Inf,5.166045,0.363425,5.529470,277378,14522,50385,50385,0
grid96,+Inf,1.943714,0.198816,2.142530,207019,9881,35698,35698,0
airport96,+Inf,0.728248,0.346614,1.074862,51823,9308,28150,28150,0
metroplex29,10.842105,7.553164,2.771520,10.324684,476939,12693,46754,46754,0
airport33,+Inf,1.441221,0.105608,1.546829,90794,9903,36546,36546,0
grid37,+Inf,3.533502,0.239633,3.773135,349844,18725,72908,72908,0
metroplex21,+Inf,1.978085,0.176017,2.154102,220842,9909,31755,31755,0
grid54,+Inf,4.850576,0.236451,5.087027,376569,16100,61627,61627,0
grid76,+Inf,3.259901,0.493682,3.753583,348329,18135,69641,69641,0
airport45,+Inf,0.897202,0.107308,1.004510,69359,6791,24172,24172,0
metroplex39,9.342143,5.074346,6.921673,11.996019,387382,10123,36021,36021,0
metroplex24,+Inf,7.191481,0.243705,7.435186,502369,15220,57768,57768,0
airport44,1.105263,0.704623,0.321561,1.026184,80422,6014,21321,21321,0
metroplex43,+Inf,2.124991,0.084841,2.209832,229713,6871,22383,22383,0
grid66,5.382231,7.541246,12.750849,20.292095,457422,22648,88376,88376,0
metroplex46,+Inf,4.725582,0.206683,4.932265,407374,14603,53219,53219,0
metroplex45,+Inf,16.108907,0.888181,16.997088,286413,21284,68319,68319,0
metroplex38,2.947369,1.921917,0.996099,2.918016,195827,6628,21238,21238,0
metroplex44,14.419742,5.013151,17.216438,22.229589,330342,11233,39452,39452,0
metroplex40,+Inf,2.118769,0.065305,2.184074,212909,7264,24245,24245,0
metroplex54,+Inf,12.078937,0.249013,12.327950,620082,16752,63727,63727,0
metroplex53,+Inf,30.973374,1.639254,32.612628,506152,28172,96000,96000,0
metroplex3,8.446115,14.184801,50.837514,65.022315,592160,16620,62888,62888,0
metroplex56,4.639098,2.775540,1.086688,3.862228,258085,8133,27895,27895,0
grid59,+Inf,1.766604,0.089084,1.855688,173683,9088,32734,32734,0
airport91,+Inf,0.477979,0.062034,0.540013,47613,4745,17270,17270,0
metroplex20,+Inf,48.561122,2.569583,51.130705,448816,27450,92814,92814,0
metroplex33,5.438596,4.060069,10.532019,14.592088,440694,13907,51216,51216,0
metroplex28,+Inf,3.079581,0.280570,3.360151,202330,12316,39825,39825,0
metroplex63,+Inf,8.040315,0.229247,8.269562,465531,14664,55004,55004,0
metroplex64,+Inf,2.998803,0.107464,3.106267,269018,8059,26782,26782,0
airport98,+Inf,1.265390,0.106488,1.371878,91488,10042,37237,37237,0
metroplex67,47.295514,2.440265,2.162477,4.602742,208384,8785,29421,29421,0
metroplex62,2.157895,8.824023,1.380789,10.204812,467432,11957,43690,43690,0
grid28,+Inf,1.838128,0.173210,2.011338,201468,11811,43134,43134,0
airport8,2.992481,1.024689,0.299633,1.324322,75803,5954,21587,21587,0
airport97,+Inf,0.307041,0.075593,0.382634,32101,4730,16623,16623,0
metroplex69,13.356726,3.005910,40.805046,43.810956,224192,9251,31757,31757,0
metroplex59,+Inf,2.447638,0.180917,2.628555,188336,9377,30186,30186,0
metroplex22,30.826990,4.521645,99.164779,103.686424,433209,16069,60310,60310,0
metroplex73,+Inf,6.396958,1.090896,7.487854,279251,16446,55311,55311,0
metroplex74,4.857143,2.101830,0.634276,2.736106,188405,5922,19707,19707,0
grid55,+Inf,4.352701,0.412518,4.765219,265052,19456,69543,69543,0
metroplex80,7.404635,7.624054,7.651206,15.275260,399517,14462,52350,52350,0
metroplex7,16.733530,7.371524,12.802069,20.173593,488214,12053,43863,43863,0
metroplex75,+Inf,5.275851,0.105766,5.381617,421985,10501,37386,37386,0
metroplex72,2.696742,3.107987,2.716376,5.824363,257279,8562,29368,29368,0
airport62,15.979392,1.999982,2.980251,4.980233,95682,17257,51378,51378,0
metroplex83,3.433322,9.027656,1.425453,10.453109,542374,11430,40461,40461,0
metroplex84,+Inf,4.798561,0.181678,4.980239,317212,12476,43412,43412,0
metroplex88,+Inf,5.392882,1.430732,6.823614,360594,14552,53301,53301,0
metroplex89,+Inf,5.031024,16.111629,21.142653,316363,13499,48025,48025,0
grid94,73.090225,5.101848,445.122593,450.224441,440358,20618,82349,82349,0
metroplex71,46.134206,12.847671,805.259281,818.106952,479243,20853,75723,75723,0
metroplex5,23.040100,2.960875,520.846932,523.807807,336610,8307,28310,28310,0
grid99,+Inf,3.883718,0.573332,4.457050,218059,20345,70307,70307,0
metroplex95,+Inf,6.413378,0.456461,6.869839,354214,17406,59953,59953,0
metroplex58,+Inf,27.423282,0.521985,27.945267,467331,21973,82539,82539,0
metroplex98,+Inf,10.406474,0.338634,10.745108,477837,18106,66746,66746,0
metroplex92,+Inf,2.923486,0.072811,2.996297,241038,7820,26561,26561,0
airport55,+Inf,1.094022,0.087132,1.181154,88915,6538,23477,23477,0
metroplex8,7.629073,3.796150,1.189506,4.985656,319053,7341,24128,24128,0
grid84,+Inf,4.318423,0.339057,4.657480,278466,20392,79174,79174,0
grid45,+Inf,6.051008,0.468502,6.519510,325125,22815,86463,86463,0
metroplex57,6.277001,3.013393,3.280934,6.294327,258740,9780,33619,33619,0
metroplex97,+Inf,1.526136,0.074834,1.600970,161537,6585,21600,21600,0
metroplex9,+Inf,6.418673,1.538143,7.956816,331411,14854,51859,51859,0
airport87,+Inf,0.389111,0.072294,0.461405,40486,5412,21680,21680,0
metroplex91,78.909940,4.075913,243.508492,247.584405,282827,11678,42233,42233,0
metroplex65,+Inf,9.647742,0.828709,10.476451,243614,19047,57821,57821,0
metroplex1,18.055136,13.698109,2130.089830,2143.787939,426999,19814,71074,71074,0
metroplex26,+Inf,2.178862,0.933985,3.112847,212967,10687,35576,35576,0
airport88,7.896469,1.366921,0.895287,2.262208,89364,12271,41812,41812,0
metroplex30,+Inf,13.972210,0.173007,14.145217,598430,17221,66763,66763,0
grid58,+Inf,4.797426,0.329741,5.127167,403730,21094,81003,81003,0
metroplex42,39.147870,5.274886,5490.239285,5495.514171,464931,10990,39091,39091,0
metroplex99,+Inf,3.326172,0.109491,3.435663,284148,10131,35205,35205,0
airport12,+Inf,3.340389,0.273566,3.613955,132591,12880,50173,50173,0
metroplex51,+Inf,11.327762,0.622447,11.950209,484312,23766,86725,86725,0
metroplex81,16.302476,6.993202,86.134615,93.127817,321594,12946,45415,45415,0
airport28,+Inf,0.437312,0.052724,0.490036,44716,4335,15227,15227,0
metroplex70,48.050125,4.268573,34.373167,38.641740,370972,10848,38717,38717,0
metroplex94,27.681704,7.118941,19190.483964,19197.602905,534834,15661,58457,58457,0
airport14,+Inf,0.594386,0.090442,0.684828,57034,7415,28882,28882,0
metroplex86,+Inf,10.627377,0.454479,11.081856,492317,22804,85438,85438,0
airport57,1.473684,1.069832,0.201443,1.271275,71946,5894,21242,21242,0
grid38,+Inf,1.819840,0.124344,1.944184,208675,10813,38295,38295,0
grid42,+Inf,3.871697,0.291619,4.163316,384211,21289,81718,81718,0
airport92,+Inf,0.615280,0.101464,0.716744,58964,7183,24456,24456,0
grid22,+Inf,3.453717,0.198677,3.652394,377268,16242,62781,62781,0
grid31,+Inf,2.988766,0.395252,3.384018,348954,23105,87719,87719,0
metroplex90,15.401003,7.315193,313.031136,320.346329,465298,11331,40621,40621,0
